solid OpenSCAD_Model
  facet normal 0.995185 0.0980172 0
    outer loop
      vertex 160.8 86.8 2.4
      vertex 160.723 87.5804 0
      vertex 160.723 87.5804 2.4
    endloop
  endfacet
  facet normal 0.995185 0.0980172 0
    outer loop
      vertex 160.723 87.5804 0
      vertex 160.8 86.8 2.4
      vertex 160.8 86.8 0
    endloop
  endfacet
  facet normal 0.995185 0.0980172 0
    outer loop
      vertex 160.8 86.8 27.4
      vertex 160.723 87.5804 10.4
      vertex 160.723 87.5804 27.4
    endloop
  endfacet
  facet normal 0.995185 0.0980172 0
    outer loop
      vertex 160.723 87.5804 10.4
      vertex 160.8 86.8 27.4
      vertex 160.8 86.8 10.4
    endloop
  endfacet
  facet normal 0 1 -0
    outer loop
      vertex 137.47 90.8 11.8
      vertex 122.6 90.8 27.4
      vertex 156.8 90.8 27.4
    endloop
  endfacet
  facet normal 0 1 -0
    outer loop
      vertex 136.36 90.8 11.8
      vertex 122.6 90.8 27.4
      vertex 137.47 90.8 11.8
    endloop
  endfacet
  facet normal 0 1 0
    outer loop
      vertex 122.6 90.8 27.4
      vertex 124.064 90.8 19.4
      vertex 122.6 90.8 23.4
    endloop
  endfacet
  facet normal 0 1 0
    outer loop
      vertex 122.6 90.8 23.4
      vertex 123.428 90.8 20.2284
      vertex 122.532 90.8 22.8824
    endloop
  endfacet
  facet normal -0 1 -0
    outer loop
      vertex 122.6 90.8 20.8641
      vertex 122.332 90.8 22.4
      vertex 123.428 90.8 20.2284
    endloop
  endfacet
  facet normal -0 1 0
    outer loop
      vertex 121.635 90.8 21.2637
      vertex 122.014 90.8 21.9858
      vertex 122.6 90.8 20.8641
    endloop
  endfacet
  facet normal 0 1 0
    outer loop
      vertex 121.118 90.8 21.4681
      vertex 121.635 90.8 21.2637
      vertex 120.6 90.8 21.4
    endloop
  endfacet
  facet normal 0 1 0
    outer loop
      vertex 121.6 90.8 21.6679
      vertex 121.635 90.8 21.2637
      vertex 121.118 90.8 21.4681
    endloop
  endfacet
  facet normal 0 1 0
    outer loop
      vertex 122.014 90.8 21.9858
      vertex 121.635 90.8 21.2637
      vertex 121.6 90.8 21.6679
    endloop
  endfacet
  facet normal 0 1 0
    outer loop
      vertex 122.332 90.8 22.4
      vertex 122.6 90.8 20.8641
      vertex 122.014 90.8 21.9858
    endloop
  endfacet
  facet normal 0 1 0
    outer loop
      vertex 122.532 90.8 22.8824
      vertex 123.428 90.8 20.2284
      vertex 122.332 90.8 22.4
    endloop
  endfacet
  facet normal -0 1 -0
    outer loop
      vertex 123.428 90.8 20.2284
      vertex 122.6 90.8 23.4
      vertex 124.064 90.8 19.4
    endloop
  endfacet
  facet normal 0 1 0
    outer loop
      vertex 122.6 90.8 27.4
      vertex 136.36 90.8 11.8
      vertex 124.064 90.8 19.4
    endloop
  endfacet
  facet normal 0 1 0
    outer loop
      vertex 124.064 90.8 19.4
      vertex 136.36 90.8 11.8
      vertex 124.464 90.8 18.4353
    endloop
  endfacet
  facet normal 0 1 0
    outer loop
      vertex 124.464 90.8 18.4353
      vertex 136.36 90.8 11.8
      vertex 124.6 90.8 17.4
    endloop
  endfacet
  facet normal 0 1 0
    outer loop
      vertex 124.6 90.8 17.4
      vertex 127.36 90.8 11.8
      vertex 124.464 90.8 16.3647
    endloop
  endfacet
  facet normal 0 1 0
    outer loop
      vertex 124.464 90.8 16.3647
      vertex 127.36 90.8 11.8
      vertex 124.064 90.8 15.4
    endloop
  endfacet
  facet normal 0 1 0
    outer loop
      vertex 124.064 90.8 15.4
      vertex 127.36 90.8 11.8
      vertex 123.428 90.8 14.5716
    endloop
  endfacet
  facet normal 0 1 0
    outer loop
      vertex 119.7 90.8 11.8
      vertex 120.6 90.8 13.4
      vertex 121.635 90.8 13.5363
    endloop
  endfacet
  facet normal 0 1 0
    outer loop
      vertex 137.47 90.8 11.8
      vertex 156.8 90.8 27.4
      vertex 146.47 90.8 11.8
    endloop
  endfacet
  facet normal 0 1 0
    outer loop
      vertex 146.47 90.8 11.8
      vertex 156.8 90.8 27.4
      vertex 147.68 90.8 11.8
    endloop
  endfacet
  facet normal 0 1 0
    outer loop
      vertex 147.68 90.8 11.8
      vertex 156.8 90.8 27.4
      vertex 156.68 90.8 11.8
    endloop
  endfacet
  facet normal 0 1 -0
    outer loop
      vertex 156.8 90.8 10.4
      vertex 156.68 90.8 11.8
      vertex 156.8 90.8 27.4
    endloop
  endfacet
  facet normal 0 1 0
    outer loop
      vertex 156.68 90.8 11.8
      vertex 156.8 90.8 10.4
      vertex 156.68 90.8 10.4
    endloop
  endfacet
  facet normal 0 1 0
    outer loop
      vertex 114.19 90.8 16.8
      vertex 118.6 90.8 27.4
      vertex 118.6 90.8 23.4
    endloop
  endfacet
  facet normal 0 1 0
    outer loop
      vertex 118.6 90.8 27.4
      vertex 83.19 90.8 16.8
      vertex 42.2 90.8 27.4
    endloop
  endfacet
  facet normal 0 1 0
    outer loop
      vertex 117.772 90.8 20.2284
      vertex 118.6 90.8 23.4
      vertex 118.668 90.8 22.8824
    endloop
  endfacet
  facet normal -0 1 -0
    outer loop
      vertex 43.6641 90.8 19.4
      vertex 42.2 90.8 27.4
      vertex 83.19 90.8 16.8
    endloop
  endfacet
  facet normal 0 1 0
    outer loop
      vertex 117.772 90.8 20.2284
      vertex 118.668 90.8 22.8824
      vertex 118.868 90.8 22.4
    endloop
  endfacet
  facet normal 0 1 0
    outer loop
      vertex 42.2 90.8 27.4
      vertex 43.6641 90.8 19.4
      vertex 42.2 90.8 23.4
    endloop
  endfacet
  facet normal 0 1 0
    outer loop
      vertex 118.6 90.8 20.8641
      vertex 118.868 90.8 22.4
      vertex 119.186 90.8 21.9858
    endloop
  endfacet
  facet normal -0 1 -0
    outer loop
      vertex 43.0284 90.8 20.2284
      vertex 42.2 90.8 23.4
      vertex 43.6641 90.8 19.4
    endloop
  endfacet
  facet normal 0 1 -0
    outer loop
      vertex 119.565 90.8 21.2637
      vertex 119.186 90.8 21.9858
      vertex 119.6 90.8 21.6679
    endloop
  endfacet
  facet normal 0 1 0
    outer loop
      vertex 42.2 90.8 23.4
      vertex 43.0284 90.8 20.2284
      vertex 42.1319 90.8 22.8824
    endloop
  endfacet
  facet normal 0 1 0
    outer loop
      vertex 119.565 90.8 21.2637
      vertex 119.6 90.8 21.6679
      vertex 120.082 90.8 21.4681
    endloop
  endfacet
  facet normal -0 1 -0
    outer loop
      vertex 42.2 90.8 20.8641
      vertex 41.932 90.8 22.4
      vertex 43.0284 90.8 20.2284
    endloop
  endfacet
  facet normal 0 1 0
    outer loop
      vertex 119.565 90.8 21.2637
      vertex 120.082 90.8 21.4681
      vertex 120.6 90.8 21.4
    endloop
  endfacet
  facet normal 0 1 0
    outer loop
      vertex 119.186 90.8 21.9858
      vertex 119.565 90.8 21.2637
      vertex 118.6 90.8 20.8641
    endloop
  endfacet
  facet normal -0 1 0
    outer loop
      vertex 41.2353 90.8 21.2637
      vertex 41.6142 90.8 21.9858
      vertex 42.2 90.8 20.8641
    endloop
  endfacet
  facet normal 0 1 0
    outer loop
      vertex 40.7176 90.8 21.4681
      vertex 41.2353 90.8 21.2637
      vertex 40.2 90.8 21.4
    endloop
  endfacet
  facet normal 0 1 0
    outer loop
      vertex 118.868 90.8 22.4
      vertex 118.6 90.8 20.8641
      vertex 117.772 90.8 20.2284
    endloop
  endfacet
  facet normal 0 1 0
    outer loop
      vertex 41.2 90.8 21.6679
      vertex 41.2353 90.8 21.2637
      vertex 40.7176 90.8 21.4681
    endloop
  endfacet
  facet normal 0 1 0
    outer loop
      vertex 118.6 90.8 23.4
      vertex 117.772 90.8 20.2284
      vertex 117.136 90.8 19.4
    endloop
  endfacet
  facet normal 0 1 0
    outer loop
      vertex 41.6142 90.8 21.9858
      vertex 41.2353 90.8 21.2637
      vertex 41.2 90.8 21.6679
    endloop
  endfacet
  facet normal 0 1 0
    outer loop
      vertex 118.6 90.8 23.4
      vertex 117.136 90.8 19.4
      vertex 114.19 90.8 16.8
    endloop
  endfacet
  facet normal 0 1 0
    outer loop
      vertex 41.932 90.8 22.4
      vertex 42.2 90.8 20.8641
      vertex 41.6142 90.8 21.9858
    endloop
  endfacet
  facet normal 0 1 0
    outer loop
      vertex 114.19 90.8 16.8
      vertex 117.136 90.8 19.4
      vertex 116.736 90.8 18.4353
    endloop
  endfacet
  facet normal 0 1 0
    outer loop
      vertex 42.1319 90.8 22.8824
      vertex 43.0284 90.8 20.2284
      vertex 41.932 90.8 22.4
    endloop
  endfacet
  facet normal 0 1 0
    outer loop
      vertex 114.19 90.8 16.8
      vertex 116.736 90.8 18.4353
      vertex 116.6 90.8 17.4
    endloop
  endfacet
  facet normal 0 1 0
    outer loop
      vertex 43.6641 90.8 19.4
      vertex 83.19 90.8 16.8
      vertex 44.0637 90.8 18.4353
    endloop
  endfacet
  facet normal 0 1 0
    outer loop
      vertex 118.6 90.8 27.4
      vertex 114.19 90.8 16.8
      vertex 83.19 90.8 16.8
    endloop
  endfacet
  facet normal 0 1 0
    outer loop
      vertex 116.736 90.8 16.3647
      vertex 114.19 90.8 16.8
      vertex 116.6 90.8 17.4
    endloop
  endfacet
  facet normal 0 1 0
    outer loop
      vertex 117.136 90.8 15.4
      vertex 114.19 90.8 16.8
      vertex 116.736 90.8 16.3647
    endloop
  endfacet
  facet normal 0 1 0
    outer loop
      vertex 114.19 90.8 12.4
      vertex 117.136 90.8 15.4
      vertex 117.772 90.8 14.5716
    endloop
  endfacet
  facet normal 0 1 0
    outer loop
      vertex 114.19 90.8 12.4
      vertex 117.772 90.8 14.5716
      vertex 118.6 90.8 13.9359
    endloop
  endfacet
  facet normal 0 1 0
    outer loop
      vertex 117.136 90.8 15.4
      vertex 114.19 90.8 12.4
      vertex 114.19 90.8 16.8
    endloop
  endfacet
  facet normal 0 1 0
    outer loop
      vertex 119.565 90.8 13.5363
      vertex 114.19 90.8 12.4
      vertex 118.6 90.8 13.9359
    endloop
  endfacet
  facet normal 0 1 0
    outer loop
      vertex 114.19 90.8 12.4
      vertex 119.565 90.8 13.5363
      vertex 120.6 90.8 13.4
    endloop
  endfacet
  facet normal 0 1 0
    outer loop
      vertex 44.0637 90.8 18.4353
      vertex 83.19 90.8 16.8
      vertex 44.2 90.8 17.4
    endloop
  endfacet
  facet normal 0 1 -0
    outer loop
      vertex 83.19 90.8 12.4
      vertex 44.2 90.8 17.4
      vertex 83.19 90.8 16.8
    endloop
  endfacet
  facet normal 0 1 0
    outer loop
      vertex 44.2 90.8 17.4
      vertex 83.19 90.8 12.4
      vertex 44.0637 90.8 16.3647
    endloop
  endfacet
  facet normal 0 1 0
    outer loop
      vertex 44.0637 90.8 16.3647
      vertex 83.19 90.8 12.4
      vertex 43.6641 90.8 15.4
    endloop
  endfacet
  facet normal 0 1 0
    outer loop
      vertex 43.6641 90.8 15.4
      vertex 83.19 90.8 12.4
      vertex 43.0284 90.8 14.5716
    endloop
  endfacet
  facet normal 0 1 0
    outer loop
      vertex 43.0284 90.8 14.5716
      vertex 83.19 90.8 12.4
      vertex 42.2 90.8 13.9359
    endloop
  endfacet
  facet normal 0 1 0
    outer loop
      vertex 42.2 90.8 13.9359
      vertex 83.19 90.8 12.4
      vertex 41.2353 90.8 13.5363
    endloop
  endfacet
  facet normal 0 1 0
    outer loop
      vertex 7.4 90.8 2.4
      vertex 41.2353 90.8 13.5363
      vertex 83.19 90.8 12.4
    endloop
  endfacet
  facet normal 0 1 0
    outer loop
      vertex 36.7359 90.8 19.4
      vertex 38.2 90.8 27.4
      vertex 38.2 90.8 23.4
    endloop
  endfacet
  facet normal 0 1 0
    outer loop
      vertex 37.3716 90.8 20.2284
      vertex 38.2 90.8 23.4
      vertex 38.2682 90.8 22.8824
    endloop
  endfacet
  facet normal 0 1 0
    outer loop
      vertex 37.3716 90.8 20.2284
      vertex 38.2682 90.8 22.8824
      vertex 38.4679 90.8 22.4
    endloop
  endfacet
  facet normal 0 1 0
    outer loop
      vertex 38.2 90.8 20.8641
      vertex 38.4679 90.8 22.4
      vertex 38.7858 90.8 21.9858
    endloop
  endfacet
  facet normal 0 1 -0
    outer loop
      vertex 39.1647 90.8 21.2637
      vertex 38.7858 90.8 21.9858
      vertex 39.2 90.8 21.6679
    endloop
  endfacet
  facet normal 0 1 0
    outer loop
      vertex 39.1647 90.8 21.2637
      vertex 39.2 90.8 21.6679
      vertex 39.6824 90.8 21.4681
    endloop
  endfacet
  facet normal 0 1 0
    outer loop
      vertex 39.1647 90.8 21.2637
      vertex 39.6824 90.8 21.4681
      vertex 40.2 90.8 21.4
    endloop
  endfacet
  facet normal 0 1 0
    outer loop
      vertex 38.7858 90.8 21.9858
      vertex 39.1647 90.8 21.2637
      vertex 38.2 90.8 20.8641
    endloop
  endfacet
  facet normal 0 1 0
    outer loop
      vertex 38.4679 90.8 22.4
      vertex 38.2 90.8 20.8641
      vertex 37.3716 90.8 20.2284
    endloop
  endfacet
  facet normal 0 1 0
    outer loop
      vertex 38.2 90.8 23.4
      vertex 37.3716 90.8 20.2284
      vertex 36.7359 90.8 19.4
    endloop
  endfacet
  facet normal 0 1 0
    outer loop
      vertex 38.2 90.8 27.4
      vertex 36.7359 90.8 19.4
      vertex 4 90.8 27.4
    endloop
  endfacet
  facet normal 0 1 -0
    outer loop
      vertex 36.3363 90.8 18.4353
      vertex 4 90.8 27.4
      vertex 36.7359 90.8 19.4
    endloop
  endfacet
  facet normal 0 1 0
    outer loop
      vertex 7.4 90.8 10.4
      vertex 36.3363 90.8 18.4353
      vertex 36.2 90.8 17.4
    endloop
  endfacet
  facet normal 0 1 0
    outer loop
      vertex 7.4 90.8 10.4
      vertex 36.2 90.8 17.4
      vertex 36.3363 90.8 16.3647
    endloop
  endfacet
  facet normal 0 1 0
    outer loop
      vertex 7.4 90.8 10.4
      vertex 36.3363 90.8 16.3647
      vertex 36.7359 90.8 15.4
    endloop
  endfacet
  facet normal 0 1 0
    outer loop
      vertex 7.4 90.8 2.4
      vertex 36.7359 90.8 15.4
      vertex 37.3716 90.8 14.5716
    endloop
  endfacet
  facet normal 0 1 0
    outer loop
      vertex 7.4 90.8 2.4
      vertex 37.3716 90.8 14.5716
      vertex 38.2 90.8 13.9359
    endloop
  endfacet
  facet normal 0 1 0
    outer loop
      vertex 7.4 90.8 2.4
      vertex 38.2 90.8 13.9359
      vertex 39.1647 90.8 13.5363
    endloop
  endfacet
  facet normal 0 1 -0
    outer loop
      vertex 127.36 90.8 11.8
      vertex 124.6 90.8 17.4
      vertex 136.36 90.8 11.8
    endloop
  endfacet
  facet normal 0 1 0
    outer loop
      vertex 123.428 90.8 14.5716
      vertex 127.36 90.8 11.8
      vertex 122.6 90.8 13.9359
    endloop
  endfacet
  facet normal 0 1 0
    outer loop
      vertex 122.6 90.8 13.9359
      vertex 127.36 90.8 11.8
      vertex 121.635 90.8 13.5363
    endloop
  endfacet
  facet normal 0 1 -0
    outer loop
      vertex 127.36 90.8 7.4
      vertex 121.635 90.8 13.5363
      vertex 127.36 90.8 11.8
    endloop
  endfacet
  facet normal 0 1 0
    outer loop
      vertex 120.6 90.8 13.4
      vertex 119.7 90.8 11.8
      vertex 114.19 90.8 12.4
    endloop
  endfacet
  facet normal 0 1 0
    outer loop
      vertex 107.35 90.8 11.8
      vertex 114.19 90.8 12.4
      vertex 119.7 90.8 11.8
    endloop
  endfacet
  facet normal 0 1 0
    outer loop
      vertex 114.19 90.8 12.4
      vertex 107.35 90.8 11.8
      vertex 83.19 90.8 12.4
    endloop
  endfacet
  facet normal 0 1 -0
    outer loop
      vertex 107.35 90.8 7.4
      vertex 83.19 90.8 12.4
      vertex 107.35 90.8 11.8
    endloop
  endfacet
  facet normal 0 1 0
    outer loop
      vertex 7.4 90.8 2.4
      vertex 83.19 90.8 12.4
      vertex 107.35 90.8 7.4
    endloop
  endfacet
  facet normal 0 1 0
    outer loop
      vertex 7.4 90.8 2.4
      vertex 39.1647 90.8 13.5363
      vertex 40.2 90.8 13.4
    endloop
  endfacet
  facet normal 0 1 0
    outer loop
      vertex 36.3363 90.8 18.4353
      vertex 7.4 90.8 10.4
      vertex 4 90.8 27.4
    endloop
  endfacet
  facet normal 0 1 0
    outer loop
      vertex 4 90.8 27.4
      vertex 7.4 90.8 10.4
      vertex 4 90.8 10.4
    endloop
  endfacet
  facet normal 0 1 0
    outer loop
      vertex 119.7 90.8 7.4
      vertex 121.635 90.8 13.5363
      vertex 127.36 90.8 7.4
    endloop
  endfacet
  facet normal 0 1 0
    outer loop
      vertex 121.635 90.8 13.5363
      vertex 119.7 90.8 7.4
      vertex 119.7 90.8 11.8
    endloop
  endfacet
  facet normal 0 1 -0
    outer loop
      vertex 137.47 90.8 7.4
      vertex 136.36 90.8 11.8
      vertex 137.47 90.8 11.8
    endloop
  endfacet
  facet normal 0 1 0
    outer loop
      vertex 136.36 90.8 11.8
      vertex 137.47 90.8 7.4
      vertex 136.36 90.8 7.4
    endloop
  endfacet
  facet normal 0 1 -0
    outer loop
      vertex 147.68 90.8 7.4
      vertex 146.47 90.8 11.8
      vertex 147.68 90.8 11.8
    endloop
  endfacet
  facet normal 0 1 0
    outer loop
      vertex 146.47 90.8 11.8
      vertex 147.68 90.8 7.4
      vertex 146.47 90.8 7.4
    endloop
  endfacet
  facet normal 0 1 -0
    outer loop
      vertex 156.8 90.8 0
      vertex 153.4 90.8 2.4
      vertex 156.8 90.8 2.4
    endloop
  endfacet
  facet normal 0 1 0
    outer loop
      vertex 153.4 90.8 2.4
      vertex 156.8 90.8 0
      vertex 7.4 90.8 2.4
    endloop
  endfacet
  facet normal 0 1 0
    outer loop
      vertex 4 90.8 0
      vertex 7.4 90.8 2.4
      vertex 156.8 90.8 0
    endloop
  endfacet
  facet normal 0 1 0
    outer loop
      vertex 7.4 90.8 2.4
      vertex 4 90.8 0
      vertex 4 90.8 2.4
    endloop
  endfacet
  facet normal 0 1 -0
    outer loop
      vertex 153.4 90.8 2.4
      vertex 147.68 90.8 7.4
      vertex 153.4 90.8 7.4
    endloop
  endfacet
  facet normal 0 1 0
    outer loop
      vertex 147.68 90.8 7.4
      vertex 153.4 90.8 2.4
      vertex 146.47 90.8 7.4
    endloop
  endfacet
  facet normal 0 1 0
    outer loop
      vertex 146.47 90.8 7.4
      vertex 153.4 90.8 2.4
      vertex 137.47 90.8 7.4
    endloop
  endfacet
  facet normal 0 1 0
    outer loop
      vertex 137.47 90.8 7.4
      vertex 153.4 90.8 2.4
      vertex 136.36 90.8 7.4
    endloop
  endfacet
  facet normal 0 1 0
    outer loop
      vertex 136.36 90.8 7.4
      vertex 153.4 90.8 2.4
      vertex 127.36 90.8 7.4
    endloop
  endfacet
  facet normal 0 1 0
    outer loop
      vertex 127.36 90.8 7.4
      vertex 153.4 90.8 2.4
      vertex 119.7 90.8 7.4
    endloop
  endfacet
  facet normal 0 1 0
    outer loop
      vertex 119.7 90.8 7.4
      vertex 153.4 90.8 2.4
      vertex 107.35 90.8 7.4
    endloop
  endfacet
  facet normal 0 1 0
    outer loop
      vertex 41.2353 90.8 13.5363
      vertex 7.4 90.8 2.4
      vertex 40.2 90.8 13.4
    endloop
  endfacet
  facet normal 0 1 0
    outer loop
      vertex 7.4 90.8 2.4
      vertex 107.35 90.8 7.4
      vertex 153.4 90.8 2.4
    endloop
  endfacet
  facet normal 0 1 0
    outer loop
      vertex 36.7359 90.8 15.4
      vertex 7.4 90.8 2.4
      vertex 7.4 90.8 10.4
    endloop
  endfacet
  facet normal -0.995185 -0.0980166 0
    outer loop
      vertex 0.0768585 3.21964 0
      vertex 0 4 2.4
      vertex 0 4 0
    endloop
  endfacet
  facet normal -0.995185 -0.0980166 0
    outer loop
      vertex 0 4 2.4
      vertex 0.0768585 3.21964 0
      vertex 0.0768585 3.21964 2.4
    endloop
  endfacet
  facet normal -0.995185 -0.0980166 0
    outer loop
      vertex 0.0768585 3.21964 10.4
      vertex 0 4 27.4
      vertex 0 4 10.4
    endloop
  endfacet
  facet normal -0.995185 -0.0980166 0
    outer loop
      vertex 0 4 27.4
      vertex 0.0768585 3.21964 10.4
      vertex 0.0768585 3.21964 27.4
    endloop
  endfacet
  facet normal 0.0980181 -0.995185 0
    outer loop
      vertex 156.8 0 0
      vertex 157.58 0.0768585 2.4
      vertex 156.8 0 2.4
    endloop
  endfacet
  facet normal 0.0980181 -0.995185 0
    outer loop
      vertex 157.58 0.0768585 2.4
      vertex 156.8 0 0
      vertex 157.58 0.0768585 0
    endloop
  endfacet
  facet normal 0.0980181 -0.995185 0
    outer loop
      vertex 156.8 0 10.4
      vertex 157.58 0.0768585 27.4
      vertex 156.8 0 27.4
    endloop
  endfacet
  facet normal 0.0980181 -0.995185 0
    outer loop
      vertex 157.58 0.0768585 27.4
      vertex 156.8 0 10.4
      vertex 157.58 0.0768585 10.4
    endloop
  endfacet
  facet normal 0 0 -1
    outer loop
      vertex 156.8 0 0
      vertex 160.8 4 0
      vertex 160.723 3.21964 0
    endloop
  endfacet
  facet normal -0 0 -1
    outer loop
      vertex 160.8 4 0
      vertex 156.8 0 0
      vertex 160.8 86.8 0
    endloop
  endfacet
  facet normal 0 0 -1
    outer loop
      vertex 156.8 0 0
      vertex 160.723 3.21964 0
      vertex 160.496 2.46927 0
    endloop
  endfacet
  facet normal 0 0 -1
    outer loop
      vertex 156.8 90.8 0
      vertex 160.8 86.8 0
      vertex 156.8 0 0
    endloop
  endfacet
  facet normal 0 0 -1
    outer loop
      vertex 156.8 0 0
      vertex 160.496 2.46927 0
      vertex 160.126 1.77772 0
    endloop
  endfacet
  facet normal 0 0 -1
    outer loop
      vertex 160.8 86.8 0
      vertex 156.8 90.8 0
      vertex 160.723 87.5804 0
    endloop
  endfacet
  facet normal 0 0 -1
    outer loop
      vertex 156.8 0 0
      vertex 160.126 1.77772 0
      vertex 159.628 1.17157 0
    endloop
  endfacet
  facet normal 0 0 -1
    outer loop
      vertex 160.723 87.5804 0
      vertex 156.8 90.8 0
      vertex 160.496 88.3307 0
    endloop
  endfacet
  facet normal 0 0 -1
    outer loop
      vertex 156.8 0 0
      vertex 159.628 1.17157 0
      vertex 159.022 0.674121 0
    endloop
  endfacet
  facet normal 0 0 -1
    outer loop
      vertex 160.496 88.3307 0
      vertex 156.8 90.8 0
      vertex 160.126 89.0223 0
    endloop
  endfacet
  facet normal 0 0 -1
    outer loop
      vertex 156.8 0 0
      vertex 159.022 0.674121 0
      vertex 158.331 0.304482 0
    endloop
  endfacet
  facet normal 0 0 -1
    outer loop
      vertex 160.126 89.0223 0
      vertex 156.8 90.8 0
      vertex 159.628 89.6284 0
    endloop
  endfacet
  facet normal 0 0 -1
    outer loop
      vertex 156.8 0 0
      vertex 158.331 0.304482 0
      vertex 157.58 0.0768585 0
    endloop
  endfacet
  facet normal 0 0 -1
    outer loop
      vertex 159.628 89.6284 0
      vertex 156.8 90.8 0
      vertex 159.022 90.1259 0
    endloop
  endfacet
  facet normal 0 0 -1
    outer loop
      vertex 159.022 90.1259 0
      vertex 156.8 90.8 0
      vertex 158.331 90.4955 0
    endloop
  endfacet
  facet normal 0 0 -1
    outer loop
      vertex 158.331 90.4955 0
      vertex 156.8 90.8 0
      vertex 157.58 90.7231 0
    endloop
  endfacet
  facet normal 0 0 -1
    outer loop
      vertex 156.8 0 0
      vertex 4 90.8 0
      vertex 156.8 90.8 0
    endloop
  endfacet
  facet normal 0 0 -1
    outer loop
      vertex 4 0 0
      vertex 4 90.8 0
      vertex 156.8 0 0
    endloop
  endfacet
  facet normal 0 0 -1
    outer loop
      vertex 0 4 0
      vertex 4 0 0
      vertex 3.21964 0.0768585 0
    endloop
  endfacet
  facet normal 0 0 -1
    outer loop
      vertex 4 0 0
      vertex 0 4 0
      vertex 4 90.8 0
    endloop
  endfacet
  facet normal 0 0 -1
    outer loop
      vertex 0 4 0
      vertex 3.21964 0.0768585 0
      vertex 2.46927 0.304482 0
    endloop
  endfacet
  facet normal 0 0 -1
    outer loop
      vertex 0 86.8 0
      vertex 4 90.8 0
      vertex 0 4 0
    endloop
  endfacet
  facet normal 0 0 -1
    outer loop
      vertex 0 4 0
      vertex 2.46927 0.304482 0
      vertex 1.77772 0.674121 0
    endloop
  endfacet
  facet normal 0 0 -1
    outer loop
      vertex 4 90.8 0
      vertex 0 86.8 0
      vertex 3.21964 90.7231 0
    endloop
  endfacet
  facet normal 0 0 -1
    outer loop
      vertex 0 4 0
      vertex 1.77772 0.674121 0
      vertex 1.17157 1.17157 0
    endloop
  endfacet
  facet normal 0 0 -1
    outer loop
      vertex 3.21964 90.7231 0
      vertex 0 86.8 0
      vertex 2.46927 90.4955 0
    endloop
  endfacet
  facet normal 0 0 -1
    outer loop
      vertex 0 4 0
      vertex 1.17157 1.17157 0
      vertex 0.674121 1.77772 0
    endloop
  endfacet
  facet normal 0 0 -1
    outer loop
      vertex 2.46927 90.4955 0
      vertex 0 86.8 0
      vertex 1.77772 90.1259 0
    endloop
  endfacet
  facet normal 0 0 -1
    outer loop
      vertex 0 4 0
      vertex 0.674121 1.77772 0
      vertex 0.304482 2.46927 0
    endloop
  endfacet
  facet normal 0 0 -1
    outer loop
      vertex 1.77772 90.1259 0
      vertex 0 86.8 0
      vertex 1.17157 89.6284 0
    endloop
  endfacet
  facet normal 0 0 -1
    outer loop
      vertex 0 4 0
      vertex 0.304482 2.46927 0
      vertex 0.0768585 3.21964 0
    endloop
  endfacet
  facet normal 0 0 -1
    outer loop
      vertex 1.17157 89.6284 0
      vertex 0 86.8 0
      vertex 0.674121 89.0223 0
    endloop
  endfacet
  facet normal 0 0 -1
    outer loop
      vertex 0.674121 89.0223 0
      vertex 0 86.8 0
      vertex 0.304482 88.3307 0
    endloop
  endfacet
  facet normal 0 0 -1
    outer loop
      vertex 0.304482 88.3307 0
      vertex 0 86.8 0
      vertex 0.0768585 87.5804 0
    endloop
  endfacet
  facet normal -0.773011 0.634393 0
    outer loop
      vertex 0.674121 89.0223 10.4
      vertex 1.17157 89.6284 27.4
      vertex 1.17157 89.6284 10.4
    endloop
  endfacet
  facet normal -0.773011 0.634393 0
    outer loop
      vertex 1.17157 89.6284 27.4
      vertex 0.674121 89.0223 10.4
      vertex 0.674121 89.0223 27.4
    endloop
  endfacet
  facet normal -0.773011 0.634393 0
    outer loop
      vertex 0.674121 89.0223 0
      vertex 1.17157 89.6284 2.4
      vertex 1.17157 89.6284 0
    endloop
  endfacet
  facet normal -0.773011 0.634393 0
    outer loop
      vertex 1.17157 89.6284 2.4
      vertex 0.674121 89.0223 0
      vertex 0.674121 89.0223 2.4
    endloop
  endfacet
  facet normal -1 0 0
    outer loop
      vertex 0 86.8 0
      vertex 0 83.4 2.4
      vertex 0 86.8 2.4
    endloop
  endfacet
  facet normal -1 0 0
    outer loop
      vertex 0 83.4 2.4
      vertex 0 27.72 7.4
      vertex 0 83.4 10.4
    endloop
  endfacet
  facet normal -1 0 0
    outer loop
      vertex 0 86.8 0
      vertex 0 27.72 7.4
      vertex 0 83.4 2.4
    endloop
  endfacet
  facet normal -1 0 0
    outer loop
      vertex 0 4 0
      vertex 0 27.72 7.4
      vertex 0 86.8 0
    endloop
  endfacet
  facet normal -1 0 0
    outer loop
      vertex 0 7.4 10.4
      vertex 0 10.72 7.4
      vertex 0 7.4 2.4
    endloop
  endfacet
  facet normal -1 -0 0
    outer loop
      vertex 0 27.72 7.4
      vertex 0 7.4 2.4
      vertex 0 10.72 7.4
    endloop
  endfacet
  facet normal -1 0 0
    outer loop
      vertex 0 27.72 7.4
      vertex 0 4 0
      vertex 0 7.4 2.4
    endloop
  endfacet
  facet normal -1 -0 0
    outer loop
      vertex 0 7.4 2.4
      vertex 0 4 0
      vertex 0 4 2.4
    endloop
  endfacet
  facet normal -1 0 0
    outer loop
      vertex 0 83.4 10.4
      vertex 0 86.8 27.4
      vertex 0 86.8 10.4
    endloop
  endfacet
  facet normal -1 0 0
    outer loop
      vertex 0 27.72 11.8
      vertex 0 83.4 10.4
      vertex 0 27.72 7.4
    endloop
  endfacet
  facet normal -1 0 0
    outer loop
      vertex 0 83.4 10.4
      vertex 0 27.72 11.8
      vertex 0 86.8 27.4
    endloop
  endfacet
  facet normal -1 0 0
    outer loop
      vertex 0 4 27.4
      vertex 0 27.72 11.8
      vertex 0 10.72 11.8
    endloop
  endfacet
  facet normal -1 0 0
    outer loop
      vertex 0 10.72 7.4
      vertex 0 7.4 10.4
      vertex 0 10.72 11.8
    endloop
  endfacet
  facet normal -1 0 0
    outer loop
      vertex 0 4 10.4
      vertex 0 10.72 11.8
      vertex 0 7.4 10.4
    endloop
  endfacet
  facet normal -1 0 0
    outer loop
      vertex 0 27.72 11.8
      vertex 0 4 27.4
      vertex 0 86.8 27.4
    endloop
  endfacet
  facet normal -1 0 0
    outer loop
      vertex 0 4 27.4
      vertex 0 10.72 11.8
      vertex 0 4 10.4
    endloop
  endfacet
  facet normal 1 0 0
    outer loop
      vertex 160.8 86.8 27.4
      vertex 160.8 83.4 10.4
      vertex 160.8 86.8 10.4
    endloop
  endfacet
  facet normal 1 0 0
    outer loop
      vertex 160.8 83.4 10.4
      vertex 160.8 7.4 10.4
      vertex 160.8 83.4 2.4
    endloop
  endfacet
  facet normal 1 0 0
    outer loop
      vertex 160.8 86.8 27.4
      vertex 160.8 7.4 10.4
      vertex 160.8 83.4 10.4
    endloop
  endfacet
  facet normal 1 -0 0
    outer loop
      vertex 160.8 4 27.4
      vertex 160.8 7.4 10.4
      vertex 160.8 86.8 27.4
    endloop
  endfacet
  facet normal 1 0 0
    outer loop
      vertex 160.8 7.4 10.4
      vertex 160.8 4 27.4
      vertex 160.8 4 10.4
    endloop
  endfacet
  facet normal 1 -0 0
    outer loop
      vertex 160.8 83.4 2.4
      vertex 160.8 86.8 0
      vertex 160.8 86.8 2.4
    endloop
  endfacet
  facet normal 1 0 0
    outer loop
      vertex 160.8 7.4 2.4
      vertex 160.8 83.4 2.4
      vertex 160.8 7.4 10.4
    endloop
  endfacet
  facet normal 1 0 0
    outer loop
      vertex 160.8 83.4 2.4
      vertex 160.8 7.4 2.4
      vertex 160.8 86.8 0
    endloop
  endfacet
  facet normal 1 0 0
    outer loop
      vertex 160.8 4 0
      vertex 160.8 7.4 2.4
      vertex 160.8 4 2.4
    endloop
  endfacet
  facet normal 1 0 0
    outer loop
      vertex 160.8 7.4 2.4
      vertex 160.8 4 0
      vertex 160.8 86.8 0
    endloop
  endfacet
  facet normal 0 -1 0
    outer loop
      vertex 4 0 0
      vertex 7.4 0 2.4
      vertex 4 0 2.4
    endloop
  endfacet
  facet normal 0 -1 -0
    outer loop
      vertex 7.4 0 2.4
      vertex 4 0 0
      vertex 153.4 0 2.4
    endloop
  endfacet
  facet normal 0 -1 0
    outer loop
      vertex 156.8 0 0
      vertex 153.4 0 2.4
      vertex 4 0 0
    endloop
  endfacet
  facet normal 0 -1 0
    outer loop
      vertex 153.4 0 2.4
      vertex 156.8 0 0
      vertex 156.8 0 2.4
    endloop
  endfacet
  facet normal 0 -1 0
    outer loop
      vertex 137.36 0 7.4
      vertex 145.26 0 11.8
      vertex 137.36 0 11.8
    endloop
  endfacet
  facet normal 0 -1 -0
    outer loop
      vertex 145.26 0 11.8
      vertex 137.36 0 7.4
      vertex 145.26 0 7.4
    endloop
  endfacet
  facet normal 0 -1 0
    outer loop
      vertex 99.04 0 7.4
      vertex 126.36 0 11.8
      vertex 99.04 0 11.8
    endloop
  endfacet
  facet normal 0 -1 -0
    outer loop
      vertex 126.36 0 11.8
      vertex 99.04 0 7.4
      vertex 126.36 0 7.4
    endloop
  endfacet
  facet normal 0 -1 0
    outer loop
      vertex 70.2 0 7.4
      vertex 84.04 0 11.8
      vertex 70.2 0 11.8
    endloop
  endfacet
  facet normal 0 -1 -0
    outer loop
      vertex 84.04 0 11.8
      vertex 70.2 0 7.4
      vertex 84.04 0 7.4
    endloop
  endfacet
  facet normal 0 -1 0
    outer loop
      vertex 70.2 0 11.8
      vertex 4 0 27.4
      vertex 53.2 0 11.8
    endloop
  endfacet
  facet normal 0 -1 0
    outer loop
      vertex 7.4 0 10.4
      vertex 4 0 27.4
      vertex 4 0 10.4
    endloop
  endfacet
  facet normal 0 -1 0
    outer loop
      vertex 4 0 27.4
      vertex 7.4 0 10.4
      vertex 53.2 0 11.8
    endloop
  endfacet
  facet normal 0 -1 0
    outer loop
      vertex 7.4 0 10.4
      vertex 53.2 0 7.4
      vertex 53.2 0 11.8
    endloop
  endfacet
  facet normal 0 -1 0
    outer loop
      vertex 7.4 0 2.4
      vertex 70.2 0 7.4
      vertex 53.2 0 7.4
    endloop
  endfacet
  facet normal 0 -1 -0
    outer loop
      vertex 70.2 0 7.4
      vertex 7.4 0 2.4
      vertex 84.04 0 7.4
    endloop
  endfacet
  facet normal 0 -1 0
    outer loop
      vertex 153.4 0 2.4
      vertex 84.04 0 7.4
      vertex 7.4 0 2.4
    endloop
  endfacet
  facet normal 0 -1 0
    outer loop
      vertex 99.04 0 7.4
      vertex 153.4 0 2.4
      vertex 126.36 0 7.4
    endloop
  endfacet
  facet normal 0 -1 0
    outer loop
      vertex 126.36 0 7.4
      vertex 153.4 0 2.4
      vertex 137.36 0 7.4
    endloop
  endfacet
  facet normal 0 -1 0
    outer loop
      vertex 137.36 0 7.4
      vertex 153.4 0 2.4
      vertex 145.26 0 7.4
    endloop
  endfacet
  facet normal 0 -1 0
    outer loop
      vertex 7.4 0 2.4
      vertex 53.2 0 7.4
      vertex 7.4 0 10.4
    endloop
  endfacet
  facet normal 0 -1 0
    outer loop
      vertex 84.04 0 7.4
      vertex 153.4 0 2.4
      vertex 99.04 0 7.4
    endloop
  endfacet
  facet normal 0 -1 0
    outer loop
      vertex 145.26 0 7.4
      vertex 153.4 0 2.4
      vertex 153.4 0 7.4
    endloop
  endfacet
  facet normal 0 -1 0
    outer loop
      vertex 84.04 0 11.8
      vertex 4 0 27.4
      vertex 70.2 0 11.8
    endloop
  endfacet
  facet normal 0 -1 0
    outer loop
      vertex 4 0 27.4
      vertex 84.04 0 11.8
      vertex 156.8 0 27.4
    endloop
  endfacet
  facet normal 0 -1 0
    outer loop
      vertex 99.04 0 11.8
      vertex 156.8 0 27.4
      vertex 84.04 0 11.8
    endloop
  endfacet
  facet normal 0 -1 0
    outer loop
      vertex 126.36 0 11.8
      vertex 156.8 0 27.4
      vertex 99.04 0 11.8
    endloop
  endfacet
  facet normal 0 -1 0
    outer loop
      vertex 137.36 0 11.8
      vertex 156.8 0 27.4
      vertex 126.36 0 11.8
    endloop
  endfacet
  facet normal 0 -1 0
    outer loop
      vertex 145.26 0 11.8
      vertex 156.8 0 27.4
      vertex 137.36 0 11.8
    endloop
  endfacet
  facet normal 0 -1 0
    outer loop
      vertex 156.26 0 11.8
      vertex 156.8 0 27.4
      vertex 145.26 0 11.8
    endloop
  endfacet
  facet normal 0 -1 0
    outer loop
      vertex 156.8 0 10.4
      vertex 156.26 0 11.8
      vertex 156.26 0 10.4
    endloop
  endfacet
  facet normal 0 -1 0
    outer loop
      vertex 156.26 0 11.8
      vertex 156.8 0 10.4
      vertex 156.8 0 27.4
    endloop
  endfacet
  facet normal 0.634388 0.773015 -0
    outer loop
      vertex 159.628 89.6284 10.4
      vertex 159.022 90.1259 27.4
      vertex 159.628 89.6284 27.4
    endloop
  endfacet
  facet normal 0.634388 0.773015 0
    outer loop
      vertex 159.022 90.1259 27.4
      vertex 159.628 89.6284 10.4
      vertex 159.022 90.1259 10.4
    endloop
  endfacet
  facet normal 0.634388 0.773015 -0
    outer loop
      vertex 159.628 89.6284 0
      vertex 159.022 90.1259 2.4
      vertex 159.628 89.6284 2.4
    endloop
  endfacet
  facet normal 0.634388 0.773015 0
    outer loop
      vertex 159.022 90.1259 2.4
      vertex 159.628 89.6284 0
      vertex 159.022 90.1259 0
    endloop
  endfacet
  facet normal 0.471396 0.881922 -0
    outer loop
      vertex 159.022 90.1259 10.4
      vertex 158.331 90.4955 27.4
      vertex 159.022 90.1259 27.4
    endloop
  endfacet
  facet normal 0.471396 0.881922 0
    outer loop
      vertex 158.331 90.4955 27.4
      vertex 159.022 90.1259 10.4
      vertex 158.331 90.4955 10.4
    endloop
  endfacet
  facet normal 0.471396 0.881922 -0
    outer loop
      vertex 159.022 90.1259 0
      vertex 158.331 90.4955 2.4
      vertex 159.022 90.1259 2.4
    endloop
  endfacet
  facet normal 0.471396 0.881922 0
    outer loop
      vertex 158.331 90.4955 2.4
      vertex 159.022 90.1259 0
      vertex 158.331 90.4955 0
    endloop
  endfacet
  facet normal 0.0980181 0.995185 -0
    outer loop
      vertex 157.58 90.7231 10.4
      vertex 156.8 90.8 27.4
      vertex 157.58 90.7231 27.4
    endloop
  endfacet
  facet normal 0.0980181 0.995185 0
    outer loop
      vertex 156.8 90.8 27.4
      vertex 157.58 90.7231 10.4
      vertex 156.8 90.8 10.4
    endloop
  endfacet
  facet normal 0.0980181 0.995185 -0
    outer loop
      vertex 157.58 90.7231 0
      vertex 156.8 90.8 2.4
      vertex 157.58 90.7231 2.4
    endloop
  endfacet
  facet normal 0.0980181 0.995185 0
    outer loop
      vertex 156.8 90.8 2.4
      vertex 157.58 90.7231 0
      vertex 156.8 90.8 0
    endloop
  endfacet
  facet normal -0.290294 0.956938 0
    outer loop
      vertex 3.21964 90.7231 0
      vertex 2.46927 90.4955 2.4
      vertex 3.21964 90.7231 2.4
    endloop
  endfacet
  facet normal -0.290294 0.956938 0
    outer loop
      vertex 2.46927 90.4955 2.4
      vertex 3.21964 90.7231 0
      vertex 2.46927 90.4955 0
    endloop
  endfacet
  facet normal -0.290294 0.956938 0
    outer loop
      vertex 3.21964 90.7231 10.4
      vertex 2.46927 90.4955 27.4
      vertex 3.21964 90.7231 27.4
    endloop
  endfacet
  facet normal -0.290294 0.956938 0
    outer loop
      vertex 2.46927 90.4955 27.4
      vertex 3.21964 90.7231 10.4
      vertex 2.46927 90.4955 10.4
    endloop
  endfacet
  facet normal 0 0 1
    outer loop
      vertex 38.2 90.8 27.4
      vertex 4.4 88.4 27.4
      vertex 38.2 88.4 27.4
    endloop
  endfacet
  facet normal -0 0 1
    outer loop
      vertex 4 90.8 27.4
      vertex 4.4 88.4 27.4
      vertex 38.2 90.8 27.4
    endloop
  endfacet
  facet normal 0 0 1
    outer loop
      vertex 4 90.8 27.4
      vertex 4.00982 88.3616 27.4
      vertex 4.4 88.4 27.4
    endloop
  endfacet
  facet normal -0 0 1
    outer loop
      vertex 3.21964 90.7231 27.4
      vertex 4.00982 88.3616 27.4
      vertex 4 90.8 27.4
    endloop
  endfacet
  facet normal 0 0 1
    outer loop
      vertex 4.00982 88.3616 27.4
      vertex 3.21964 90.7231 27.4
      vertex 3.63463 88.2478 27.4
    endloop
  endfacet
  facet normal -0 0 1
    outer loop
      vertex 2.46927 90.4955 27.4
      vertex 3.63463 88.2478 27.4
      vertex 3.21964 90.7231 27.4
    endloop
  endfacet
  facet normal 0 0 1
    outer loop
      vertex 3.63463 88.2478 27.4
      vertex 2.46927 90.4955 27.4
      vertex 3.28886 88.0629 27.4
    endloop
  endfacet
  facet normal -0 0 1
    outer loop
      vertex 1.77772 90.1259 27.4
      vertex 3.28886 88.0629 27.4
      vertex 2.46927 90.4955 27.4
    endloop
  endfacet
  facet normal 0 0 1
    outer loop
      vertex 3.28886 88.0629 27.4
      vertex 1.77772 90.1259 27.4
      vertex 2.98579 87.8142 27.4
    endloop
  endfacet
  facet normal -0 0 1
    outer loop
      vertex 1.17157 89.6284 27.4
      vertex 2.98579 87.8142 27.4
      vertex 1.77772 90.1259 27.4
    endloop
  endfacet
  facet normal -0 0 1
    outer loop
      vertex 0.674121 89.0223 27.4
      vertex 2.98579 87.8142 27.4
      vertex 1.17157 89.6284 27.4
    endloop
  endfacet
  facet normal 0 0 1
    outer loop
      vertex 2.98579 87.8142 27.4
      vertex 0.674121 89.0223 27.4
      vertex 2.73706 87.5111 27.4
    endloop
  endfacet
  facet normal 0 0 1
    outer loop
      vertex 2.73706 87.5111 27.4
      vertex 0.304482 88.3307 27.4
      vertex 2.55224 87.1654 27.4
    endloop
  endfacet
  facet normal -0 0 1
    outer loop
      vertex 0.304482 88.3307 27.4
      vertex 2.73706 87.5111 27.4
      vertex 0.674121 89.0223 27.4
    endloop
  endfacet
  facet normal 0 0 1
    outer loop
      vertex 118.6 90.8 27.4
      vertex 82.4 88.4 27.4
      vertex 118.6 88.4 27.4
    endloop
  endfacet
  facet normal 0 0 1
    outer loop
      vertex 82.4 88.4 27.4
      vertex 80.4 88.4 27.4
      vertex 82.4 2.4 27.4
    endloop
  endfacet
  facet normal 0 0 1
    outer loop
      vertex 118.6 90.8 27.4
      vertex 80.4 88.4 27.4
      vertex 82.4 88.4 27.4
    endloop
  endfacet
  facet normal -0 0 1
    outer loop
      vertex 42.2 90.8 27.4
      vertex 80.4 88.4 27.4
      vertex 118.6 90.8 27.4
    endloop
  endfacet
  facet normal 0 0 1
    outer loop
      vertex 80.4 88.4 27.4
      vertex 42.2 90.8 27.4
      vertex 42.2 88.4 27.4
    endloop
  endfacet
  facet normal 0 0 1
    outer loop
      vertex 158.362 86.7902 27.4
      vertex 160.8 86.8 27.4
      vertex 160.723 87.5804 27.4
    endloop
  endfacet
  facet normal 0 0 1
    outer loop
      vertex 160.8 86.8 27.4
      vertex 158.4 86.4 27.4
      vertex 160.8 4 27.4
    endloop
  endfacet
  facet normal 0 0 1
    outer loop
      vertex 158.248 87.1654 27.4
      vertex 160.723 87.5804 27.4
      vertex 160.496 88.3307 27.4
    endloop
  endfacet
  facet normal -0 0 1
    outer loop
      vertex 158.4 4.4 27.4
      vertex 160.8 4 27.4
      vertex 158.4 86.4 27.4
    endloop
  endfacet
  facet normal 0 0 1
    outer loop
      vertex 158.063 87.5111 27.4
      vertex 160.496 88.3307 27.4
      vertex 160.126 89.0223 27.4
    endloop
  endfacet
  facet normal -0 0 1
    outer loop
      vertex 158.362 4.00982 27.4
      vertex 160.8 4 27.4
      vertex 158.4 4.4 27.4
    endloop
  endfacet
  facet normal 0 0 1
    outer loop
      vertex 157.814 87.8142 27.4
      vertex 160.126 89.0223 27.4
      vertex 159.628 89.6284 27.4
    endloop
  endfacet
  facet normal 0 0 1
    outer loop
      vertex 160.8 4 27.4
      vertex 158.362 4.00982 27.4
      vertex 160.723 3.21964 27.4
    endloop
  endfacet
  facet normal 0 0 1
    outer loop
      vertex 157.814 87.8142 27.4
      vertex 159.628 89.6284 27.4
      vertex 159.022 90.1259 27.4
    endloop
  endfacet
  facet normal -0 0 1
    outer loop
      vertex 158.248 3.63463 27.4
      vertex 160.723 3.21964 27.4
      vertex 158.362 4.00982 27.4
    endloop
  endfacet
  facet normal 0 0 1
    outer loop
      vertex 160.723 3.21964 27.4
      vertex 158.248 3.63463 27.4
      vertex 160.496 2.46927 27.4
    endloop
  endfacet
  facet normal 0 0 1
    outer loop
      vertex 160.8 86.8 27.4
      vertex 158.362 86.7902 27.4
      vertex 158.4 86.4 27.4
    endloop
  endfacet
  facet normal 0 0 1
    outer loop
      vertex 157.511 88.0629 27.4
      vertex 159.022 90.1259 27.4
      vertex 158.331 90.4955 27.4
    endloop
  endfacet
  facet normal 0 0 1
    outer loop
      vertex 160.723 87.5804 27.4
      vertex 158.248 87.1654 27.4
      vertex 158.362 86.7902 27.4
    endloop
  endfacet
  facet normal 0 0 1
    outer loop
      vertex 160.496 88.3307 27.4
      vertex 158.063 87.5111 27.4
      vertex 158.248 87.1654 27.4
    endloop
  endfacet
  facet normal 0 0 1
    outer loop
      vertex 160.126 89.0223 27.4
      vertex 157.814 87.8142 27.4
      vertex 158.063 87.5111 27.4
    endloop
  endfacet
  facet normal 0 0 1
    outer loop
      vertex 157.165 88.2478 27.4
      vertex 158.331 90.4955 27.4
      vertex 157.58 90.7231 27.4
    endloop
  endfacet
  facet normal 0 0 1
    outer loop
      vertex 159.022 90.1259 27.4
      vertex 157.511 88.0629 27.4
      vertex 157.814 87.8142 27.4
    endloop
  endfacet
  facet normal 0 0 1
    outer loop
      vertex 158.331 90.4955 27.4
      vertex 157.165 88.2478 27.4
      vertex 157.511 88.0629 27.4
    endloop
  endfacet
  facet normal 0 0 1
    outer loop
      vertex 156.79 88.3616 27.4
      vertex 157.58 90.7231 27.4
      vertex 156.8 90.8 27.4
    endloop
  endfacet
  facet normal 0 0 1
    outer loop
      vertex 157.58 90.7231 27.4
      vertex 156.79 88.3616 27.4
      vertex 157.165 88.2478 27.4
    endloop
  endfacet
  facet normal 0 0 1
    outer loop
      vertex 156.8 90.8 27.4
      vertex 156.4 88.4 27.4
      vertex 156.79 88.3616 27.4
    endloop
  endfacet
  facet normal -0 0 1
    outer loop
      vertex 122.6 90.8 27.4
      vertex 156.4 88.4 27.4
      vertex 156.8 90.8 27.4
    endloop
  endfacet
  facet normal 0 0 1
    outer loop
      vertex 156.4 88.4 27.4
      vertex 122.6 90.8 27.4
      vertex 122.6 88.4 27.4
    endloop
  endfacet
  facet normal -0 0 1
    outer loop
      vertex 158.063 3.28886 27.4
      vertex 160.496 2.46927 27.4
      vertex 158.248 3.63463 27.4
    endloop
  endfacet
  facet normal 0 0 1
    outer loop
      vertex 160.496 2.46927 27.4
      vertex 158.063 3.28886 27.4
      vertex 160.126 1.77772 27.4
    endloop
  endfacet
  facet normal -0 0 1
    outer loop
      vertex 157.814 2.98579 27.4
      vertex 160.126 1.77772 27.4
      vertex 158.063 3.28886 27.4
    endloop
  endfacet
  facet normal 0 0 1
    outer loop
      vertex 160.126 1.77772 27.4
      vertex 157.814 2.98579 27.4
      vertex 159.628 1.17157 27.4
    endloop
  endfacet
  facet normal 0 0 1
    outer loop
      vertex 159.628 1.17157 27.4
      vertex 157.814 2.98579 27.4
      vertex 159.022 0.674121 27.4
    endloop
  endfacet
  facet normal -0 0 1
    outer loop
      vertex 157.511 2.73706 27.4
      vertex 159.022 0.674121 27.4
      vertex 157.814 2.98579 27.4
    endloop
  endfacet
  facet normal 0 0 1
    outer loop
      vertex 159.022 0.674121 27.4
      vertex 157.511 2.73706 27.4
      vertex 158.331 0.304482 27.4
    endloop
  endfacet
  facet normal -0 0 1
    outer loop
      vertex 157.165 2.55224 27.4
      vertex 158.331 0.304482 27.4
      vertex 157.511 2.73706 27.4
    endloop
  endfacet
  facet normal 0 0 1
    outer loop
      vertex 158.331 0.304482 27.4
      vertex 157.165 2.55224 27.4
      vertex 157.58 0.0768585 27.4
    endloop
  endfacet
  facet normal -0 0 1
    outer loop
      vertex 156.79 2.43843 27.4
      vertex 157.58 0.0768585 27.4
      vertex 157.165 2.55224 27.4
    endloop
  endfacet
  facet normal 0 0 1
    outer loop
      vertex 157.58 0.0768585 27.4
      vertex 156.79 2.43843 27.4
      vertex 156.8 0 27.4
    endloop
  endfacet
  facet normal -0 0 1
    outer loop
      vertex 156.4 2.4 27.4
      vertex 156.8 0 27.4
      vertex 156.79 2.43843 27.4
    endloop
  endfacet
  facet normal -0 0 1
    outer loop
      vertex 82.4 2.4 27.4
      vertex 156.8 0 27.4
      vertex 156.4 2.4 27.4
    endloop
  endfacet
  facet normal 0 0 1
    outer loop
      vertex 80.4 2.4 27.4
      vertex 82.4 2.4 27.4
      vertex 80.4 88.4 27.4
    endloop
  endfacet
  facet normal -0 0 1
    outer loop
      vertex 80.4 2.4 27.4
      vertex 156.8 0 27.4
      vertex 82.4 2.4 27.4
    endloop
  endfacet
  facet normal 0 0 1
    outer loop
      vertex 4 0 27.4
      vertex 80.4 2.4 27.4
      vertex 4.4 2.4 27.4
    endloop
  endfacet
  facet normal 0 0 1
    outer loop
      vertex 80.4 2.4 27.4
      vertex 4 0 27.4
      vertex 156.8 0 27.4
    endloop
  endfacet
  facet normal 0 0 1
    outer loop
      vertex 4.00982 2.43843 27.4
      vertex 4 0 27.4
      vertex 4.4 2.4 27.4
    endloop
  endfacet
  facet normal 0 0 1
    outer loop
      vertex 3.21964 0.0768585 27.4
      vertex 4.00982 2.43843 27.4
      vertex 3.63463 2.55224 27.4
    endloop
  endfacet
  facet normal 0 0 1
    outer loop
      vertex 2.46927 0.304482 27.4
      vertex 3.63463 2.55224 27.4
      vertex 3.28886 2.73706 27.4
    endloop
  endfacet
  facet normal 0 0 1
    outer loop
      vertex 4.00982 2.43843 27.4
      vertex 3.21964 0.0768585 27.4
      vertex 4 0 27.4
    endloop
  endfacet
  facet normal 0 0 1
    outer loop
      vertex 1.77772 0.674121 27.4
      vertex 3.28886 2.73706 27.4
      vertex 2.98579 2.98579 27.4
    endloop
  endfacet
  facet normal 0 0 1
    outer loop
      vertex 0.674121 1.77772 27.4
      vertex 2.98579 2.98579 27.4
      vertex 2.73706 3.28886 27.4
    endloop
  endfacet
  facet normal 0 0 1
    outer loop
      vertex 0.304482 2.46927 27.4
      vertex 2.73706 3.28886 27.4
      vertex 2.55224 3.63463 27.4
    endloop
  endfacet
  facet normal 0 0 1
    outer loop
      vertex 3.63463 2.55224 27.4
      vertex 2.46927 0.304482 27.4
      vertex 3.21964 0.0768585 27.4
    endloop
  endfacet
  facet normal 0 0 1
    outer loop
      vertex 0.0768585 3.21964 27.4
      vertex 2.55224 3.63463 27.4
      vertex 2.43843 4.00982 27.4
    endloop
  endfacet
  facet normal 0 0 1
    outer loop
      vertex 0 4 27.4
      vertex 2.43843 4.00982 27.4
      vertex 2.4 4.4 27.4
    endloop
  endfacet
  facet normal 0 0 1
    outer loop
      vertex 3.28886 2.73706 27.4
      vertex 1.77772 0.674121 27.4
      vertex 2.46927 0.304482 27.4
    endloop
  endfacet
  facet normal 0 0 1
    outer loop
      vertex 2.4 86.4 27.4
      vertex 0 86.8 27.4
      vertex 2.4 4.4 27.4
    endloop
  endfacet
  facet normal -0 0 1
    outer loop
      vertex 0.0768585 87.5804 27.4
      vertex 2.55224 87.1654 27.4
      vertex 0.304482 88.3307 27.4
    endloop
  endfacet
  facet normal 0 0 1
    outer loop
      vertex 0 4 27.4
      vertex 2.4 4.4 27.4
      vertex 0 86.8 27.4
    endloop
  endfacet
  facet normal 0 0 1
    outer loop
      vertex 2.55224 87.1654 27.4
      vertex 0.0768585 87.5804 27.4
      vertex 2.43843 86.7902 27.4
    endloop
  endfacet
  facet normal 0 0 1
    outer loop
      vertex 2.43843 4.00982 27.4
      vertex 0 4 27.4
      vertex 0.0768585 3.21964 27.4
    endloop
  endfacet
  facet normal -0 0 1
    outer loop
      vertex 0 86.8 27.4
      vertex 2.43843 86.7902 27.4
      vertex 0.0768585 87.5804 27.4
    endloop
  endfacet
  facet normal 0 0 1
    outer loop
      vertex 2.98579 2.98579 27.4
      vertex 1.17157 1.17157 27.4
      vertex 1.77772 0.674121 27.4
    endloop
  endfacet
  facet normal 0 0 1
    outer loop
      vertex 2.43843 86.7902 27.4
      vertex 0 86.8 27.4
      vertex 2.4 86.4 27.4
    endloop
  endfacet
  facet normal 0 0 1
    outer loop
      vertex 2.98579 2.98579 27.4
      vertex 0.674121 1.77772 27.4
      vertex 1.17157 1.17157 27.4
    endloop
  endfacet
  facet normal 0 0 1
    outer loop
      vertex 2.73706 3.28886 27.4
      vertex 0.304482 2.46927 27.4
      vertex 0.674121 1.77772 27.4
    endloop
  endfacet
  facet normal 0 0 1
    outer loop
      vertex 2.55224 3.63463 27.4
      vertex 0.0768585 3.21964 27.4
      vertex 0.304482 2.46927 27.4
    endloop
  endfacet
  facet normal -0.471394 0.881923 0
    outer loop
      vertex 2.46927 90.4955 0
      vertex 1.77772 90.1259 2.4
      vertex 2.46927 90.4955 2.4
    endloop
  endfacet
  facet normal -0.471394 0.881923 0
    outer loop
      vertex 1.77772 90.1259 2.4
      vertex 2.46927 90.4955 0
      vertex 1.77772 90.1259 0
    endloop
  endfacet
  facet normal -0.471394 0.881923 0
    outer loop
      vertex 2.46927 90.4955 10.4
      vertex 1.77772 90.1259 27.4
      vertex 2.46927 90.4955 27.4
    endloop
  endfacet
  facet normal -0.471394 0.881923 0
    outer loop
      vertex 1.77772 90.1259 27.4
      vertex 2.46927 90.4955 10.4
      vertex 1.77772 90.1259 10.4
    endloop
  endfacet
  facet normal -0.995185 0.0980172 0
    outer loop
      vertex 0 86.8 10.4
      vertex 0.0768585 87.5804 27.4
      vertex 0.0768585 87.5804 10.4
    endloop
  endfacet
  facet normal -0.995185 0.0980172 0
    outer loop
      vertex 0.0768585 87.5804 27.4
      vertex 0 86.8 10.4
      vertex 0 86.8 27.4
    endloop
  endfacet
  facet normal -0.995185 0.0980172 0
    outer loop
      vertex 0 86.8 0
      vertex 0.0768585 87.5804 2.4
      vertex 0.0768585 87.5804 0
    endloop
  endfacet
  facet normal -0.995185 0.0980172 0
    outer loop
      vertex 0.0768585 87.5804 2.4
      vertex 0 86.8 0
      vertex 0 86.8 2.4
    endloop
  endfacet
  facet normal 0.471398 -0.88192 0
    outer loop
      vertex 158.331 0.304482 10.4
      vertex 159.022 0.674121 27.4
      vertex 158.331 0.304482 27.4
    endloop
  endfacet
  facet normal 0.471398 -0.88192 0
    outer loop
      vertex 159.022 0.674121 27.4
      vertex 158.331 0.304482 10.4
      vertex 159.022 0.674121 10.4
    endloop
  endfacet
  facet normal 0.471398 -0.88192 0
    outer loop
      vertex 158.331 0.304482 0
      vertex 159.022 0.674121 2.4
      vertex 158.331 0.304482 2.4
    endloop
  endfacet
  facet normal 0.471398 -0.88192 0
    outer loop
      vertex 159.022 0.674121 2.4
      vertex 158.331 0.304482 0
      vertex 159.022 0.674121 0
    endloop
  endfacet
  facet normal 0.995185 -0.0980166 0
    outer loop
      vertex 160.723 3.21964 2.4
      vertex 160.8 4 0
      vertex 160.8 4 2.4
    endloop
  endfacet
  facet normal 0.995185 -0.0980166 0
    outer loop
      vertex 160.8 4 0
      vertex 160.723 3.21964 2.4
      vertex 160.723 3.21964 0
    endloop
  endfacet
  facet normal 0.995185 -0.0980166 0
    outer loop
      vertex 160.723 3.21964 27.4
      vertex 160.8 4 10.4
      vertex 160.8 4 27.4
    endloop
  endfacet
  facet normal 0.995185 -0.0980166 0
    outer loop
      vertex 160.8 4 10.4
      vertex 160.723 3.21964 27.4
      vertex 160.723 3.21964 10.4
    endloop
  endfacet
  facet normal 0.77301 -0.634394 0
    outer loop
      vertex 159.628 1.17157 2.4
      vertex 160.126 1.77772 0
      vertex 160.126 1.77772 2.4
    endloop
  endfacet
  facet normal 0.77301 -0.634394 0
    outer loop
      vertex 160.126 1.77772 0
      vertex 159.628 1.17157 2.4
      vertex 159.628 1.17157 0
    endloop
  endfacet
  facet normal 0.77301 -0.634394 0
    outer loop
      vertex 159.628 1.17157 27.4
      vertex 160.126 1.77772 10.4
      vertex 160.126 1.77772 27.4
    endloop
  endfacet
  facet normal 0.77301 -0.634394 0
    outer loop
      vertex 160.126 1.77772 10.4
      vertex 159.628 1.17157 27.4
      vertex 159.628 1.17157 10.4
    endloop
  endfacet
  facet normal 0.290281 -0.956941 0
    outer loop
      vertex 157.58 0.0768585 10.4
      vertex 158.331 0.304482 27.4
      vertex 157.58 0.0768585 27.4
    endloop
  endfacet
  facet normal 0.290281 -0.956941 0
    outer loop
      vertex 158.331 0.304482 27.4
      vertex 157.58 0.0768585 10.4
      vertex 158.331 0.304482 10.4
    endloop
  endfacet
  facet normal 0.290281 -0.956941 0
    outer loop
      vertex 157.58 0.0768585 0
      vertex 158.331 0.304482 2.4
      vertex 157.58 0.0768585 2.4
    endloop
  endfacet
  facet normal 0.290281 -0.956941 0
    outer loop
      vertex 158.331 0.304482 2.4
      vertex 157.58 0.0768585 0
      vertex 158.331 0.304482 0
    endloop
  endfacet
  facet normal -0.881921 -0.471396 0
    outer loop
      vertex 0.674121 1.77772 10.4
      vertex 0.304482 2.46927 27.4
      vertex 0.304482 2.46927 10.4
    endloop
  endfacet
  facet normal -0.881921 -0.471396 0
    outer loop
      vertex 0.304482 2.46927 27.4
      vertex 0.674121 1.77772 10.4
      vertex 0.674121 1.77772 27.4
    endloop
  endfacet
  facet normal -0.881921 -0.471396 0
    outer loop
      vertex 0.674121 1.77772 0
      vertex 0.304482 2.46927 2.4
      vertex 0.304482 2.46927 0
    endloop
  endfacet
  facet normal -0.881921 -0.471396 0
    outer loop
      vertex 0.304482 2.46927 2.4
      vertex 0.674121 1.77772 0
      vertex 0.674121 1.77772 2.4
    endloop
  endfacet
  facet normal 0.881926 0.471388 0
    outer loop
      vertex 160.496 88.3307 2.4
      vertex 160.126 89.0223 0
      vertex 160.126 89.0223 2.4
    endloop
  endfacet
  facet normal 0.881926 0.471388 0
    outer loop
      vertex 160.126 89.0223 0
      vertex 160.496 88.3307 2.4
      vertex 160.496 88.3307 0
    endloop
  endfacet
  facet normal 0.881926 0.471388 0
    outer loop
      vertex 160.496 88.3307 27.4
      vertex 160.126 89.0223 10.4
      vertex 160.126 89.0223 27.4
    endloop
  endfacet
  facet normal 0.881926 0.471388 0
    outer loop
      vertex 160.126 89.0223 10.4
      vertex 160.496 88.3307 27.4
      vertex 160.496 88.3307 10.4
    endloop
  endfacet
  facet normal 0.773011 0.634393 0
    outer loop
      vertex 160.126 89.0223 2.4
      vertex 159.628 89.6284 0
      vertex 159.628 89.6284 2.4
    endloop
  endfacet
  facet normal 0.773011 0.634393 0
    outer loop
      vertex 159.628 89.6284 0
      vertex 160.126 89.0223 2.4
      vertex 160.126 89.0223 0
    endloop
  endfacet
  facet normal 0.773011 0.634393 0
    outer loop
      vertex 160.126 89.0223 27.4
      vertex 159.628 89.6284 10.4
      vertex 159.628 89.6284 27.4
    endloop
  endfacet
  facet normal 0.773011 0.634393 0
    outer loop
      vertex 159.628 89.6284 10.4
      vertex 160.126 89.0223 27.4
      vertex 160.126 89.0223 10.4
    endloop
  endfacet
  facet normal 0.29029 0.956939 -0
    outer loop
      vertex 158.331 90.4955 10.4
      vertex 157.58 90.7231 27.4
      vertex 158.331 90.4955 27.4
    endloop
  endfacet
  facet normal 0.29029 0.956939 0
    outer loop
      vertex 157.58 90.7231 27.4
      vertex 158.331 90.4955 10.4
      vertex 157.58 90.7231 10.4
    endloop
  endfacet
  facet normal 0.29029 0.956939 -0
    outer loop
      vertex 158.331 90.4955 0
      vertex 157.58 90.7231 2.4
      vertex 158.331 90.4955 2.4
    endloop
  endfacet
  facet normal 0.29029 0.956939 0
    outer loop
      vertex 157.58 90.7231 2.4
      vertex 158.331 90.4955 0
      vertex 157.58 90.7231 0
    endloop
  endfacet
  facet normal -0.0980166 0.995185 0
    outer loop
      vertex 4 90.8 0
      vertex 3.21964 90.7231 2.4
      vertex 4 90.8 2.4
    endloop
  endfacet
  facet normal -0.0980166 0.995185 0
    outer loop
      vertex 3.21964 90.7231 2.4
      vertex 4 90.8 0
      vertex 3.21964 90.7231 0
    endloop
  endfacet
  facet normal -0.0980166 0.995185 0
    outer loop
      vertex 4 90.8 10.4
      vertex 3.21964 90.7231 27.4
      vertex 4 90.8 27.4
    endloop
  endfacet
  facet normal -0.0980166 0.995185 0
    outer loop
      vertex 3.21964 90.7231 27.4
      vertex 4 90.8 10.4
      vertex 3.21964 90.7231 10.4
    endloop
  endfacet
  facet normal -0.634394 0.77301 0
    outer loop
      vertex 1.77772 90.1259 0
      vertex 1.17157 89.6284 2.4
      vertex 1.77772 90.1259 2.4
    endloop
  endfacet
  facet normal -0.634394 0.77301 0
    outer loop
      vertex 1.17157 89.6284 2.4
      vertex 1.77772 90.1259 0
      vertex 1.17157 89.6284 0
    endloop
  endfacet
  facet normal -0.634394 0.77301 0
    outer loop
      vertex 1.77772 90.1259 10.4
      vertex 1.17157 89.6284 27.4
      vertex 1.77772 90.1259 27.4
    endloop
  endfacet
  facet normal -0.634394 0.77301 0
    outer loop
      vertex 1.17157 89.6284 27.4
      vertex 1.77772 90.1259 10.4
      vertex 1.17157 89.6284 10.4
    endloop
  endfacet
  facet normal -0.95694 0.290284 0
    outer loop
      vertex 0.0768585 87.5804 10.4
      vertex 0.304482 88.3307 27.4
      vertex 0.304482 88.3307 10.4
    endloop
  endfacet
  facet normal -0.95694 0.290284 0
    outer loop
      vertex 0.304482 88.3307 27.4
      vertex 0.0768585 87.5804 10.4
      vertex 0.0768585 87.5804 27.4
    endloop
  endfacet
  facet normal -0.95694 0.290284 0
    outer loop
      vertex 0.0768585 87.5804 0
      vertex 0.304482 88.3307 2.4
      vertex 0.304482 88.3307 0
    endloop
  endfacet
  facet normal -0.95694 0.290284 0
    outer loop
      vertex 0.304482 88.3307 2.4
      vertex 0.0768585 87.5804 0
      vertex 0.0768585 87.5804 2.4
    endloop
  endfacet
  facet normal -0.88192 0.471398 0
    outer loop
      vertex 0.304482 88.3307 10.4
      vertex 0.674121 89.0223 27.4
      vertex 0.674121 89.0223 10.4
    endloop
  endfacet
  facet normal -0.88192 0.471398 0
    outer loop
      vertex 0.674121 89.0223 27.4
      vertex 0.304482 88.3307 10.4
      vertex 0.304482 88.3307 27.4
    endloop
  endfacet
  facet normal -0.88192 0.471398 0
    outer loop
      vertex 0.304482 88.3307 0
      vertex 0.674121 89.0223 2.4
      vertex 0.674121 89.0223 0
    endloop
  endfacet
  facet normal -0.88192 0.471398 0
    outer loop
      vertex 0.674121 89.0223 2.4
      vertex 0.304482 88.3307 0
      vertex 0.304482 88.3307 2.4
    endloop
  endfacet
  facet normal 0.881927 -0.471386 0
    outer loop
      vertex 160.126 1.77772 2.4
      vertex 160.496 2.46927 0
      vertex 160.496 2.46927 2.4
    endloop
  endfacet
  facet normal 0.881927 -0.471386 0
    outer loop
      vertex 160.496 2.46927 0
      vertex 160.126 1.77772 2.4
      vertex 160.126 1.77772 0
    endloop
  endfacet
  facet normal 0.881927 -0.471386 0
    outer loop
      vertex 160.126 1.77772 27.4
      vertex 160.496 2.46927 10.4
      vertex 160.496 2.46927 27.4
    endloop
  endfacet
  facet normal 0.881927 -0.471386 0
    outer loop
      vertex 160.496 2.46927 10.4
      vertex 160.126 1.77772 27.4
      vertex 160.126 1.77772 10.4
    endloop
  endfacet
  facet normal 0.634388 -0.773015 0
    outer loop
      vertex 159.022 0.674121 0
      vertex 159.628 1.17157 2.4
      vertex 159.022 0.674121 2.4
    endloop
  endfacet
  facet normal 0.634388 -0.773015 0
    outer loop
      vertex 159.628 1.17157 2.4
      vertex 159.022 0.674121 0
      vertex 159.628 1.17157 0
    endloop
  endfacet
  facet normal 0.634388 -0.773015 0
    outer loop
      vertex 159.022 0.674121 10.4
      vertex 159.628 1.17157 27.4
      vertex 159.022 0.674121 27.4
    endloop
  endfacet
  facet normal 0.634388 -0.773015 0
    outer loop
      vertex 159.628 1.17157 27.4
      vertex 159.022 0.674121 10.4
      vertex 159.628 1.17157 10.4
    endloop
  endfacet
  facet normal -0.77301 -0.634394 0
    outer loop
      vertex 1.17157 1.17157 0
      vertex 0.674121 1.77772 2.4
      vertex 0.674121 1.77772 0
    endloop
  endfacet
  facet normal -0.77301 -0.634394 0
    outer loop
      vertex 0.674121 1.77772 2.4
      vertex 1.17157 1.17157 0
      vertex 1.17157 1.17157 2.4
    endloop
  endfacet
  facet normal -0.77301 -0.634394 0
    outer loop
      vertex 1.17157 1.17157 10.4
      vertex 0.674121 1.77772 27.4
      vertex 0.674121 1.77772 10.4
    endloop
  endfacet
  facet normal -0.77301 -0.634394 0
    outer loop
      vertex 0.674121 1.77772 27.4
      vertex 1.17157 1.17157 10.4
      vertex 1.17157 1.17157 27.4
    endloop
  endfacet
  facet normal -0.95694 -0.290285 0
    outer loop
      vertex 0.304482 2.46927 0
      vertex 0.0768585 3.21964 2.4
      vertex 0.0768585 3.21964 0
    endloop
  endfacet
  facet normal -0.95694 -0.290285 0
    outer loop
      vertex 0.0768585 3.21964 2.4
      vertex 0.304482 2.46927 0
      vertex 0.304482 2.46927 2.4
    endloop
  endfacet
  facet normal -0.95694 -0.290285 0
    outer loop
      vertex 0.304482 2.46927 10.4
      vertex 0.0768585 3.21964 27.4
      vertex 0.0768585 3.21964 10.4
    endloop
  endfacet
  facet normal -0.95694 -0.290285 0
    outer loop
      vertex 0.0768585 3.21964 27.4
      vertex 0.304482 2.46927 10.4
      vertex 0.304482 2.46927 27.4
    endloop
  endfacet
  facet normal -0.0980167 -0.995185 0
    outer loop
      vertex 3.21964 0.0768585 0
      vertex 4 0 2.4
      vertex 3.21964 0.0768585 2.4
    endloop
  endfacet
  facet normal -0.0980167 -0.995185 -0
    outer loop
      vertex 4 0 2.4
      vertex 3.21964 0.0768585 0
      vertex 4 0 0
    endloop
  endfacet
  facet normal -0.0980167 -0.995185 0
    outer loop
      vertex 3.21964 0.0768585 10.4
      vertex 4 0 27.4
      vertex 3.21964 0.0768585 27.4
    endloop
  endfacet
  facet normal -0.0980167 -0.995185 -0
    outer loop
      vertex 4 0 27.4
      vertex 3.21964 0.0768585 10.4
      vertex 4 0 10.4
    endloop
  endfacet
  facet normal -0.471396 -0.881921 0
    outer loop
      vertex 1.77772 0.674121 10.4
      vertex 2.46927 0.304482 27.4
      vertex 1.77772 0.674121 27.4
    endloop
  endfacet
  facet normal -0.471396 -0.881921 -0
    outer loop
      vertex 2.46927 0.304482 27.4
      vertex 1.77772 0.674121 10.4
      vertex 2.46927 0.304482 10.4
    endloop
  endfacet
  facet normal -0.471396 -0.881921 0
    outer loop
      vertex 1.77772 0.674121 0
      vertex 2.46927 0.304482 2.4
      vertex 1.77772 0.674121 2.4
    endloop
  endfacet
  facet normal -0.471396 -0.881921 -0
    outer loop
      vertex 2.46927 0.304482 2.4
      vertex 1.77772 0.674121 0
      vertex 2.46927 0.304482 0
    endloop
  endfacet
  facet normal 0.956938 0.290293 0
    outer loop
      vertex 160.723 87.5804 2.4
      vertex 160.496 88.3307 0
      vertex 160.496 88.3307 2.4
    endloop
  endfacet
  facet normal 0.956938 0.290293 0
    outer loop
      vertex 160.496 88.3307 0
      vertex 160.723 87.5804 2.4
      vertex 160.723 87.5804 0
    endloop
  endfacet
  facet normal 0.956938 0.290293 0
    outer loop
      vertex 160.723 87.5804 27.4
      vertex 160.496 88.3307 10.4
      vertex 160.496 88.3307 27.4
    endloop
  endfacet
  facet normal 0.956938 0.290293 0
    outer loop
      vertex 160.496 88.3307 10.4
      vertex 160.723 87.5804 27.4
      vertex 160.723 87.5804 10.4
    endloop
  endfacet
  facet normal 0.956938 -0.290294 0
    outer loop
      vertex 160.496 2.46927 2.4
      vertex 160.723 3.21964 0
      vertex 160.723 3.21964 2.4
    endloop
  endfacet
  facet normal 0.956938 -0.290294 0
    outer loop
      vertex 160.723 3.21964 0
      vertex 160.496 2.46927 2.4
      vertex 160.496 2.46927 0
    endloop
  endfacet
  facet normal 0.956938 -0.290294 0
    outer loop
      vertex 160.496 2.46927 27.4
      vertex 160.723 3.21964 10.4
      vertex 160.723 3.21964 27.4
    endloop
  endfacet
  facet normal 0.956938 -0.290294 0
    outer loop
      vertex 160.723 3.21964 10.4
      vertex 160.496 2.46927 27.4
      vertex 160.496 2.46927 10.4
    endloop
  endfacet
  facet normal -0.634394 -0.77301 0
    outer loop
      vertex 1.17157 1.17157 10.4
      vertex 1.77772 0.674121 27.4
      vertex 1.17157 1.17157 27.4
    endloop
  endfacet
  facet normal -0.634394 -0.77301 -0
    outer loop
      vertex 1.77772 0.674121 27.4
      vertex 1.17157 1.17157 10.4
      vertex 1.77772 0.674121 10.4
    endloop
  endfacet
  facet normal -0.634394 -0.77301 0
    outer loop
      vertex 1.17157 1.17157 0
      vertex 1.77772 0.674121 2.4
      vertex 1.17157 1.17157 2.4
    endloop
  endfacet
  facet normal -0.634394 -0.77301 -0
    outer loop
      vertex 1.77772 0.674121 2.4
      vertex 1.17157 1.17157 0
      vertex 1.77772 0.674121 0
    endloop
  endfacet
  facet normal -0.290285 -0.95694 0
    outer loop
      vertex 2.46927 0.304482 10.4
      vertex 3.21964 0.0768585 27.4
      vertex 2.46927 0.304482 27.4
    endloop
  endfacet
  facet normal -0.290285 -0.95694 -0
    outer loop
      vertex 3.21964 0.0768585 27.4
      vertex 2.46927 0.304482 10.4
      vertex 3.21964 0.0768585 10.4
    endloop
  endfacet
  facet normal -0.290285 -0.95694 0
    outer loop
      vertex 2.46927 0.304482 0
      vertex 3.21964 0.0768585 2.4
      vertex 2.46927 0.304482 2.4
    endloop
  endfacet
  facet normal -0.290285 -0.95694 -0
    outer loop
      vertex 3.21964 0.0768585 2.4
      vertex 2.46927 0.304482 0
      vertex 3.21964 0.0768585 0
    endloop
  endfacet
  facet normal -0.995187 -0.0979989 0
    outer loop
      vertex 158.4 86.4 10.4
      vertex 158.362 86.7902 27.4
      vertex 158.362 86.7902 10.4
    endloop
  endfacet
  facet normal -0.995187 -0.0979989 0
    outer loop
      vertex 158.362 86.7902 27.4
      vertex 158.4 86.4 10.4
      vertex 158.4 86.4 27.4
    endloop
  endfacet
  facet normal 0 -1 0
    outer loop
      vertex 114.19 88.4 16.8
      vertex 118.6 88.4 27.4
      vertex 82.4 88.4 27.4
    endloop
  endfacet
  facet normal 0 -1 -0
    outer loop
      vertex 118.6 88.4 27.4
      vertex 114.19 88.4 16.8
      vertex 118.6 88.4 23.4
    endloop
  endfacet
  facet normal -0 -1 0
    outer loop
      vertex 117.136 88.4 19.4
      vertex 118.6 88.4 23.4
      vertex 114.19 88.4 16.8
    endloop
  endfacet
  facet normal -0 -1 0
    outer loop
      vertex 117.772 88.4 20.2284
      vertex 118.6 88.4 23.4
      vertex 117.136 88.4 19.4
    endloop
  endfacet
  facet normal -0 -1 0
    outer loop
      vertex 118.6 88.4 20.8641
      vertex 118.868 88.4 22.4
      vertex 117.772 88.4 20.2284
    endloop
  endfacet
  facet normal -0 -1 0
    outer loop
      vertex 119.565 88.4 21.2637
      vertex 119.186 88.4 21.9858
      vertex 118.6 88.4 20.8641
    endloop
  endfacet
  facet normal 0 -1 -0
    outer loop
      vertex 120.082 88.4 21.4681
      vertex 119.565 88.4 21.2637
      vertex 120.6 88.4 21.4
    endloop
  endfacet
  facet normal 0 -1 -0
    outer loop
      vertex 119.6 88.4 21.6679
      vertex 119.565 88.4 21.2637
      vertex 120.082 88.4 21.4681
    endloop
  endfacet
  facet normal 0 -1 0
    outer loop
      vertex 119.186 88.4 21.9858
      vertex 119.565 88.4 21.2637
      vertex 119.6 88.4 21.6679
    endloop
  endfacet
  facet normal 0 -1 -0
    outer loop
      vertex 118.868 88.4 22.4
      vertex 118.6 88.4 20.8641
      vertex 119.186 88.4 21.9858
    endloop
  endfacet
  facet normal 0 -1 -0
    outer loop
      vertex 118.6 88.4 23.4
      vertex 117.772 88.4 20.2284
      vertex 118.668 88.4 22.8824
    endloop
  endfacet
  facet normal 0 -1 -0
    outer loop
      vertex 118.668 88.4 22.8824
      vertex 117.772 88.4 20.2284
      vertex 118.868 88.4 22.4
    endloop
  endfacet
  facet normal 0 -1 0
    outer loop
      vertex 117.136 88.4 19.4
      vertex 114.19 88.4 16.8
      vertex 116.736 88.4 18.4353
    endloop
  endfacet
  facet normal 0 -1 0
    outer loop
      vertex 114.19 88.4 16.8
      vertex 82.4 88.4 27.4
      vertex 83.19 88.4 16.8
    endloop
  endfacet
  facet normal 0 -1 0
    outer loop
      vertex 82.4 88.4 4.4
      vertex 83.19 88.4 16.8
      vertex 82.4 88.4 27.4
    endloop
  endfacet
  facet normal 0 -1 0
    outer loop
      vertex 83.19 88.4 12.4
      vertex 107.35 88.4 11.8
      vertex 114.19 88.4 12.4
    endloop
  endfacet
  facet normal 0 -1 0
    outer loop
      vertex 83.19 88.4 12.4
      vertex 107.35 88.4 7.4
      vertex 107.35 88.4 11.8
    endloop
  endfacet
  facet normal 0 -1 0
    outer loop
      vertex 153.4 88.4 2.4
      vertex 119.7 88.4 7.4
      vertex 107.35 88.4 7.4
    endloop
  endfacet
  facet normal 0 -1 0
    outer loop
      vertex 119.7 88.4 7.4
      vertex 153.4 88.4 2.4
      vertex 127.36 88.4 7.4
    endloop
  endfacet
  facet normal 0 -1 0
    outer loop
      vertex 127.36 88.4 7.4
      vertex 153.4 88.4 2.4
      vertex 136.36 88.4 7.4
    endloop
  endfacet
  facet normal 0 -1 0
    outer loop
      vertex 136.36 88.4 7.4
      vertex 153.4 88.4 2.4
      vertex 137.47 88.4 7.4
    endloop
  endfacet
  facet normal 0 -1 0
    outer loop
      vertex 137.47 88.4 7.4
      vertex 153.4 88.4 2.4
      vertex 146.47 88.4 7.4
    endloop
  endfacet
  facet normal 0 -1 0
    outer loop
      vertex 146.47 88.4 7.4
      vertex 153.4 88.4 2.4
      vertex 147.68 88.4 7.4
    endloop
  endfacet
  facet normal 0 -1 -0
    outer loop
      vertex 83.19 88.4 16.8
      vertex 82.4 88.4 4.4
      vertex 83.19 88.4 12.4
    endloop
  endfacet
  facet normal 0 -1 0
    outer loop
      vertex 82.4 88.4 4.4
      vertex 107.35 88.4 7.4
      vertex 83.19 88.4 12.4
    endloop
  endfacet
  facet normal 0 -1 0
    outer loop
      vertex 153.4 88.4 2.4
      vertex 107.35 88.4 7.4
      vertex 82.4 88.4 4.4
    endloop
  endfacet
  facet normal 0 -1 0
    outer loop
      vertex 147.68 88.4 7.4
      vertex 153.4 88.4 2.4
      vertex 153.4 88.4 7.4
    endloop
  endfacet
  facet normal 0 -1 0
    outer loop
      vertex 153.4 88.4 2.4
      vertex 82.4 88.4 4.4
      vertex 7.4 88.4 2.4
    endloop
  endfacet
  facet normal 0 -1 0
    outer loop
      vertex 116.736 88.4 18.4353
      vertex 114.19 88.4 16.8
      vertex 116.6 88.4 17.4
    endloop
  endfacet
  facet normal 0 -1 0
    outer loop
      vertex 114.19 88.4 16.8
      vertex 116.736 88.4 16.3647
      vertex 116.6 88.4 17.4
    endloop
  endfacet
  facet normal 0 -1 0
    outer loop
      vertex 114.19 88.4 16.8
      vertex 117.136 88.4 15.4
      vertex 116.736 88.4 16.3647
    endloop
  endfacet
  facet normal 0 -1 0
    outer loop
      vertex 114.19 88.4 12.4
      vertex 117.136 88.4 15.4
      vertex 114.19 88.4 16.8
    endloop
  endfacet
  facet normal 0 -1 -0
    outer loop
      vertex 117.136 88.4 15.4
      vertex 114.19 88.4 12.4
      vertex 117.772 88.4 14.5716
    endloop
  endfacet
  facet normal 0 -1 0
    outer loop
      vertex 118.6 88.4 13.9359
      vertex 119.7 88.4 11.8
      vertex 119.565 88.4 13.5363
    endloop
  endfacet
  facet normal 0 -1 0
    outer loop
      vertex 119.7 88.4 11.8
      vertex 118.6 88.4 13.9359
      vertex 114.19 88.4 12.4
    endloop
  endfacet
  facet normal 0 -1 -0
    outer loop
      vertex 117.772 88.4 14.5716
      vertex 114.19 88.4 12.4
      vertex 118.6 88.4 13.9359
    endloop
  endfacet
  facet normal 0 -1 0
    outer loop
      vertex 36.7359 88.4 19.4
      vertex 38.2 88.4 27.4
      vertex 4.4 88.4 27.4
    endloop
  endfacet
  facet normal 0 -1 -0
    outer loop
      vertex 38.2 88.4 27.4
      vertex 36.7359 88.4 19.4
      vertex 38.2 88.4 23.4
    endloop
  endfacet
  facet normal -0 -1 0
    outer loop
      vertex 37.3716 88.4 20.2284
      vertex 38.2 88.4 23.4
      vertex 36.7359 88.4 19.4
    endloop
  endfacet
  facet normal 0 -1 -0
    outer loop
      vertex 38.2 88.4 23.4
      vertex 37.3716 88.4 20.2284
      vertex 38.2682 88.4 22.8824
    endloop
  endfacet
  facet normal -0 -1 0
    outer loop
      vertex 38.2 88.4 20.8641
      vertex 38.4679 88.4 22.4
      vertex 37.3716 88.4 20.2284
    endloop
  endfacet
  facet normal -0 -1 0
    outer loop
      vertex 39.1647 88.4 21.2637
      vertex 38.7858 88.4 21.9858
      vertex 38.2 88.4 20.8641
    endloop
  endfacet
  facet normal 0 -1 -0
    outer loop
      vertex 39.6824 88.4 21.4681
      vertex 39.1647 88.4 21.2637
      vertex 40.2 88.4 21.4
    endloop
  endfacet
  facet normal 0 -1 -0
    outer loop
      vertex 39.2 88.4 21.6679
      vertex 39.1647 88.4 21.2637
      vertex 39.6824 88.4 21.4681
    endloop
  endfacet
  facet normal 0 -1 0
    outer loop
      vertex 38.7858 88.4 21.9858
      vertex 39.1647 88.4 21.2637
      vertex 39.2 88.4 21.6679
    endloop
  endfacet
  facet normal 0 -1 -0
    outer loop
      vertex 38.4679 88.4 22.4
      vertex 38.2 88.4 20.8641
      vertex 38.7858 88.4 21.9858
    endloop
  endfacet
  facet normal 0 -1 -0
    outer loop
      vertex 38.2682 88.4 22.8824
      vertex 37.3716 88.4 20.2284
      vertex 38.4679 88.4 22.4
    endloop
  endfacet
  facet normal 0 -1 0
    outer loop
      vertex 4.4 88.4 27.4
      vertex 36.3363 88.4 18.4353
      vertex 36.7359 88.4 19.4
    endloop
  endfacet
  facet normal 0 -1 0
    outer loop
      vertex 7.4 88.4 10.4
      vertex 36.3363 88.4 18.4353
      vertex 4.4 88.4 27.4
    endloop
  endfacet
  facet normal 0 -1 0
    outer loop
      vertex 36.3363 88.4 18.4353
      vertex 7.4 88.4 10.4
      vertex 36.2 88.4 17.4
    endloop
  endfacet
  facet normal 0 -1 -0
    outer loop
      vertex 36.2 88.4 17.4
      vertex 7.4 88.4 10.4
      vertex 36.3363 88.4 16.3647
    endloop
  endfacet
  facet normal 0 -1 -0
    outer loop
      vertex 36.3363 88.4 16.3647
      vertex 7.4 88.4 10.4
      vertex 36.7359 88.4 15.4
    endloop
  endfacet
  facet normal 0 -1 0
    outer loop
      vertex 7.4 88.4 2.4
      vertex 36.7359 88.4 15.4
      vertex 7.4 88.4 10.4
    endloop
  endfacet
  facet normal 0 -1 -0
    outer loop
      vertex 36.7359 88.4 15.4
      vertex 7.4 88.4 2.4
      vertex 37.3716 88.4 14.5716
    endloop
  endfacet
  facet normal 0 -1 -0
    outer loop
      vertex 37.3716 88.4 14.5716
      vertex 7.4 88.4 2.4
      vertex 38.2 88.4 13.9359
    endloop
  endfacet
  facet normal 0 -1 0
    outer loop
      vertex 7.4 88.4 10.4
      vertex 4.4 88.4 27.4
      vertex 4.4 88.4 10.4
    endloop
  endfacet
  facet normal 0 -1 0
    outer loop
      vertex 43.6641 88.4 19.4
      vertex 42.2 88.4 27.4
      vertex 42.2 88.4 23.4
    endloop
  endfacet
  facet normal 0 -1 0
    outer loop
      vertex 43.0284 88.4 20.2284
      vertex 42.2 88.4 23.4
      vertex 42.1319 88.4 22.8824
    endloop
  endfacet
  facet normal 0 -1 0
    outer loop
      vertex 43.0284 88.4 20.2284
      vertex 42.1319 88.4 22.8824
      vertex 41.932 88.4 22.4
    endloop
  endfacet
  facet normal 0 -1 0
    outer loop
      vertex 42.2 88.4 20.8641
      vertex 41.932 88.4 22.4
      vertex 41.6142 88.4 21.9858
    endloop
  endfacet
  facet normal 0 -1 0
    outer loop
      vertex 41.2353 88.4 21.2637
      vertex 41.6142 88.4 21.9858
      vertex 41.2 88.4 21.6679
    endloop
  endfacet
  facet normal 0 -1 0
    outer loop
      vertex 41.2353 88.4 21.2637
      vertex 41.2 88.4 21.6679
      vertex 40.7176 88.4 21.4681
    endloop
  endfacet
  facet normal 0 -1 0
    outer loop
      vertex 41.2353 88.4 21.2637
      vertex 40.7176 88.4 21.4681
      vertex 40.2 88.4 21.4
    endloop
  endfacet
  facet normal 0 -1 -0
    outer loop
      vertex 41.6142 88.4 21.9858
      vertex 41.2353 88.4 21.2637
      vertex 42.2 88.4 20.8641
    endloop
  endfacet
  facet normal 0 -1 0
    outer loop
      vertex 41.932 88.4 22.4
      vertex 42.2 88.4 20.8641
      vertex 43.0284 88.4 20.2284
    endloop
  endfacet
  facet normal 0 -1 0
    outer loop
      vertex 42.2 88.4 23.4
      vertex 43.0284 88.4 20.2284
      vertex 43.6641 88.4 19.4
    endloop
  endfacet
  facet normal 0 -1 0
    outer loop
      vertex 42.2 88.4 27.4
      vertex 43.6641 88.4 19.4
      vertex 80.4 88.4 27.4
    endloop
  endfacet
  facet normal 0 -1 0
    outer loop
      vertex 44.0637 88.4 18.4353
      vertex 80.4 88.4 27.4
      vertex 43.6641 88.4 19.4
    endloop
  endfacet
  facet normal 0 -1 0
    outer loop
      vertex 44.2 88.4 17.4
      vertex 80.4 88.4 27.4
      vertex 44.0637 88.4 18.4353
    endloop
  endfacet
  facet normal 0 -1 0
    outer loop
      vertex 80.4 88.4 4.4
      vertex 44.2 88.4 17.4
      vertex 44.0637 88.4 16.3647
    endloop
  endfacet
  facet normal 0 -1 0
    outer loop
      vertex 80.4 88.4 4.4
      vertex 44.0637 88.4 16.3647
      vertex 43.6641 88.4 15.4
    endloop
  endfacet
  facet normal 0 -1 0
    outer loop
      vertex 80.4 88.4 4.4
      vertex 43.6641 88.4 15.4
      vertex 43.0284 88.4 14.5716
    endloop
  endfacet
  facet normal 0 -1 0
    outer loop
      vertex 80.4 88.4 4.4
      vertex 43.0284 88.4 14.5716
      vertex 42.2 88.4 13.9359
    endloop
  endfacet
  facet normal 0 -1 0
    outer loop
      vertex 80.4 88.4 4.4
      vertex 42.2 88.4 13.9359
      vertex 41.2353 88.4 13.5363
    endloop
  endfacet
  facet normal 0 -1 -0
    outer loop
      vertex 38.2 88.4 13.9359
      vertex 7.4 88.4 2.4
      vertex 39.1647 88.4 13.5363
    endloop
  endfacet
  facet normal 0 -1 0
    outer loop
      vertex 44.2 88.4 17.4
      vertex 80.4 88.4 4.4
      vertex 80.4 88.4 27.4
    endloop
  endfacet
  facet normal 0 -1 0
    outer loop
      vertex 40.2 88.4 13.4
      vertex 80.4 88.4 4.4
      vertex 41.2353 88.4 13.5363
    endloop
  endfacet
  facet normal 0 -1 -0
    outer loop
      vertex 39.1647 88.4 13.5363
      vertex 7.4 88.4 2.4
      vertex 40.2 88.4 13.4
    endloop
  endfacet
  facet normal 0 -1 -0
    outer loop
      vertex 80.4 88.4 4.4
      vertex 7.4 88.4 2.4
      vertex 82.4 88.4 4.4
    endloop
  endfacet
  facet normal 0 -1 -0
    outer loop
      vertex 40.2 88.4 13.4
      vertex 7.4 88.4 2.4
      vertex 80.4 88.4 4.4
    endloop
  endfacet
  facet normal 0 -1 0
    outer loop
      vertex 124.064 88.4 19.4
      vertex 122.6 88.4 27.4
      vertex 122.6 88.4 23.4
    endloop
  endfacet
  facet normal 0 -1 0
    outer loop
      vertex 123.428 88.4 20.2284
      vertex 122.6 88.4 23.4
      vertex 122.532 88.4 22.8824
    endloop
  endfacet
  facet normal 0 -1 0
    outer loop
      vertex 123.428 88.4 20.2284
      vertex 122.532 88.4 22.8824
      vertex 122.332 88.4 22.4
    endloop
  endfacet
  facet normal 0 -1 0
    outer loop
      vertex 122.6 88.4 20.8641
      vertex 122.332 88.4 22.4
      vertex 122.014 88.4 21.9858
    endloop
  endfacet
  facet normal 0 -1 0
    outer loop
      vertex 121.635 88.4 21.2637
      vertex 122.014 88.4 21.9858
      vertex 121.6 88.4 21.6679
    endloop
  endfacet
  facet normal 0 -1 0
    outer loop
      vertex 121.635 88.4 21.2637
      vertex 121.6 88.4 21.6679
      vertex 121.118 88.4 21.4681
    endloop
  endfacet
  facet normal 0 -1 0
    outer loop
      vertex 121.635 88.4 21.2637
      vertex 121.118 88.4 21.4681
      vertex 120.6 88.4 21.4
    endloop
  endfacet
  facet normal 0 -1 -0
    outer loop
      vertex 122.014 88.4 21.9858
      vertex 121.635 88.4 21.2637
      vertex 122.6 88.4 20.8641
    endloop
  endfacet
  facet normal 0 -1 0
    outer loop
      vertex 122.332 88.4 22.4
      vertex 122.6 88.4 20.8641
      vertex 123.428 88.4 20.2284
    endloop
  endfacet
  facet normal 0 -1 0
    outer loop
      vertex 122.6 88.4 23.4
      vertex 123.428 88.4 20.2284
      vertex 124.064 88.4 19.4
    endloop
  endfacet
  facet normal 0 -1 0
    outer loop
      vertex 136.36 88.4 11.8
      vertex 122.6 88.4 27.4
      vertex 124.064 88.4 19.4
    endloop
  endfacet
  facet normal 0 -1 0
    outer loop
      vertex 136.36 88.4 11.8
      vertex 124.064 88.4 19.4
      vertex 124.464 88.4 18.4353
    endloop
  endfacet
  facet normal 0 -1 0
    outer loop
      vertex 136.36 88.4 11.8
      vertex 124.464 88.4 18.4353
      vertex 124.6 88.4 17.4
    endloop
  endfacet
  facet normal 0 -1 0
    outer loop
      vertex 127.36 88.4 11.8
      vertex 124.6 88.4 17.4
      vertex 124.464 88.4 16.3647
    endloop
  endfacet
  facet normal 0 -1 0
    outer loop
      vertex 127.36 88.4 11.8
      vertex 124.464 88.4 16.3647
      vertex 124.064 88.4 15.4
    endloop
  endfacet
  facet normal 0 -1 0
    outer loop
      vertex 127.36 88.4 11.8
      vertex 124.064 88.4 15.4
      vertex 123.428 88.4 14.5716
    endloop
  endfacet
  facet normal 0 -1 0
    outer loop
      vertex 127.36 88.4 11.8
      vertex 123.428 88.4 14.5716
      vertex 122.6 88.4 13.9359
    endloop
  endfacet
  facet normal 0 -1 0
    outer loop
      vertex 127.36 88.4 11.8
      vertex 122.6 88.4 13.9359
      vertex 121.635 88.4 13.5363
    endloop
  endfacet
  facet normal 0 -1 0
    outer loop
      vertex 119.565 88.4 13.5363
      vertex 119.7 88.4 11.8
      vertex 120.6 88.4 13.4
    endloop
  endfacet
  facet normal 0 -1 0
    outer loop
      vertex 119.7 88.4 11.8
      vertex 114.19 88.4 12.4
      vertex 107.35 88.4 11.8
    endloop
  endfacet
  facet normal 0 -1 -0
    outer loop
      vertex 120.6 88.4 13.4
      vertex 119.7 88.4 11.8
      vertex 121.635 88.4 13.5363
    endloop
  endfacet
  facet normal 0 -1 0
    outer loop
      vertex 119.7 88.4 7.4
      vertex 121.635 88.4 13.5363
      vertex 119.7 88.4 11.8
    endloop
  endfacet
  facet normal 0 -1 0
    outer loop
      vertex 124.6 88.4 17.4
      vertex 127.36 88.4 11.8
      vertex 136.36 88.4 11.8
    endloop
  endfacet
  facet normal 0 -1 0
    outer loop
      vertex 122.6 88.4 27.4
      vertex 136.36 88.4 11.8
      vertex 137.47 88.4 11.8
    endloop
  endfacet
  facet normal 0 -1 0
    outer loop
      vertex 122.6 88.4 27.4
      vertex 137.47 88.4 11.8
      vertex 156.4 88.4 27.4
    endloop
  endfacet
  facet normal 0 -1 0
    outer loop
      vertex 146.47 88.4 11.8
      vertex 156.4 88.4 27.4
      vertex 137.47 88.4 11.8
    endloop
  endfacet
  facet normal 0 -1 0
    outer loop
      vertex 147.68 88.4 11.8
      vertex 156.4 88.4 27.4
      vertex 146.47 88.4 11.8
    endloop
  endfacet
  facet normal 0 -1 -0
    outer loop
      vertex 156.4 88.4 27.4
      vertex 147.68 88.4 11.8
      vertex 156.4 88.4 11.8
    endloop
  endfacet
  facet normal 0 -1 0
    outer loop
      vertex 146.47 88.4 7.4
      vertex 147.68 88.4 11.8
      vertex 146.47 88.4 11.8
    endloop
  endfacet
  facet normal 0 -1 -0
    outer loop
      vertex 147.68 88.4 11.8
      vertex 146.47 88.4 7.4
      vertex 147.68 88.4 7.4
    endloop
  endfacet
  facet normal 0 -1 0
    outer loop
      vertex 136.36 88.4 7.4
      vertex 137.47 88.4 11.8
      vertex 136.36 88.4 11.8
    endloop
  endfacet
  facet normal 0 -1 -0
    outer loop
      vertex 137.47 88.4 11.8
      vertex 136.36 88.4 7.4
      vertex 137.47 88.4 7.4
    endloop
  endfacet
  facet normal 0 -1 0
    outer loop
      vertex 127.36 88.4 7.4
      vertex 121.635 88.4 13.5363
      vertex 119.7 88.4 7.4
    endloop
  endfacet
  facet normal 0 -1 0
    outer loop
      vertex 121.635 88.4 13.5363
      vertex 127.36 88.4 7.4
      vertex 127.36 88.4 11.8
    endloop
  endfacet
  facet normal 0.995185 0.0980165 0
    outer loop
      vertex 2.43843 4.00982 27.4
      vertex 2.4 4.4 10.4
      vertex 2.4 4.4 27.4
    endloop
  endfacet
  facet normal 0.995185 0.0980165 0
    outer loop
      vertex 2.4 4.4 10.4
      vertex 2.43843 4.00982 27.4
      vertex 2.43843 4.00982 10.4
    endloop
  endfacet
  facet normal -0.0980162 0.995185 0
    outer loop
      vertex 156.79 2.43843 10.4
      vertex 156.4 2.4 27.4
      vertex 156.79 2.43843 27.4
    endloop
  endfacet
  facet normal -0.0980162 0.995185 0
    outer loop
      vertex 156.4 2.4 27.4
      vertex 156.79 2.43843 10.4
      vertex 156.4 2.4 10.4
    endloop
  endfacet
  facet normal 0 0 -1
    outer loop
      vertex 160.8 86.8 2.4
      vertex 161.4 83.4 2.4
      vertex 160.8 83.4 2.4
    endloop
  endfacet
  facet normal 0 0 -1
    outer loop
      vertex 161.4 83.4 2.4
      vertex 160.8 86.8 2.4
      vertex 161.4 91.4 2.4
    endloop
  endfacet
  facet normal 0 0 -1
    outer loop
      vertex 160.723 87.5804 2.4
      vertex 161.4 91.4 2.4
      vertex 160.8 86.8 2.4
    endloop
  endfacet
  facet normal 0 0 -1
    outer loop
      vertex 160.496 88.3307 2.4
      vertex 161.4 91.4 2.4
      vertex 160.723 87.5804 2.4
    endloop
  endfacet
  facet normal 0 0 -1
    outer loop
      vertex 160.126 89.0223 2.4
      vertex 161.4 91.4 2.4
      vertex 160.496 88.3307 2.4
    endloop
  endfacet
  facet normal 0 0 -1
    outer loop
      vertex 159.628 89.6284 2.4
      vertex 161.4 91.4 2.4
      vertex 160.126 89.0223 2.4
    endloop
  endfacet
  facet normal 0 0 -1
    outer loop
      vertex 159.022 90.1259 2.4
      vertex 161.4 91.4 2.4
      vertex 159.628 89.6284 2.4
    endloop
  endfacet
  facet normal 0 0 -1
    outer loop
      vertex 158.331 90.4955 2.4
      vertex 161.4 91.4 2.4
      vertex 159.022 90.1259 2.4
    endloop
  endfacet
  facet normal 0 0 -1
    outer loop
      vertex 157.58 90.7231 2.4
      vertex 161.4 91.4 2.4
      vertex 158.331 90.4955 2.4
    endloop
  endfacet
  facet normal 0 0 -1
    outer loop
      vertex 156.8 90.8 2.4
      vertex 161.4 91.4 2.4
      vertex 157.58 90.7231 2.4
    endloop
  endfacet
  facet normal 0 0 -1
    outer loop
      vertex 153.4 91.4 2.4
      vertex 156.8 90.8 2.4
      vertex 153.4 90.8 2.4
    endloop
  endfacet
  facet normal 0 0 -1
    outer loop
      vertex 156.8 90.8 2.4
      vertex 153.4 91.4 2.4
      vertex 161.4 91.4 2.4
    endloop
  endfacet
  facet normal -0 0 1
    outer loop
      vertex 2.4 83.4 2.4
      vertex 7.4 7.4 2.4
      vertex 7.4 83.4 2.4
    endloop
  endfacet
  facet normal 0 0 1
    outer loop
      vertex 7.4 7.4 2.4
      vertex 2.4 83.4 2.4
      vertex 2.4 7.4 2.4
    endloop
  endfacet
  facet normal 0 0 1
    outer loop
      vertex 7.4 83.4 2.4
      vertex 153.4 83.4 2.4
      vertex 153.4 88.4 2.4
    endloop
  endfacet
  facet normal 0 0 1
    outer loop
      vertex 153.4 83.4 2.4
      vertex 7.4 83.4 2.4
      vertex 153.4 7.4 2.4
    endloop
  endfacet
  facet normal 0 0 1
    outer loop
      vertex 7.4 83.4 2.4
      vertex 153.4 88.4 2.4
      vertex 7.4 88.4 2.4
    endloop
  endfacet
  facet normal 0 0 1
    outer loop
      vertex 7.4 7.4 2.4
      vertex 153.4 7.4 2.4
      vertex 7.4 83.4 2.4
    endloop
  endfacet
  facet normal 0 0 1
    outer loop
      vertex 153.4 7.4 2.4
      vertex 7.4 7.4 2.4
      vertex 153.4 2.4 2.4
    endloop
  endfacet
  facet normal 0 0 1
    outer loop
      vertex 153.4 2.4 2.4
      vertex 7.4 7.4 2.4
      vertex 7.4 2.4 2.4
    endloop
  endfacet
  facet normal -0 0 1
    outer loop
      vertex 153.4 83.4 2.4
      vertex 158.4 7.4 2.4
      vertex 158.4 83.4 2.4
    endloop
  endfacet
  facet normal 0 0 1
    outer loop
      vertex 158.4 7.4 2.4
      vertex 153.4 83.4 2.4
      vertex 153.4 7.4 2.4
    endloop
  endfacet
  facet normal 0 0 -1
    outer loop
      vertex 0 83.4 2.4
      vertex -0.599999 83.4 2.4
      vertex 0 86.8 2.4
    endloop
  endfacet
  facet normal 0 0 -1
    outer loop
      vertex 4 90.8 2.4
      vertex 7.4 91.4 2.4
      vertex 7.4 90.8 2.4
    endloop
  endfacet
  facet normal 0 0 -1
    outer loop
      vertex -0.599999 91.4 2.4
      vertex 4 90.8 2.4
      vertex 3.21964 90.7231 2.4
    endloop
  endfacet
  facet normal 0 0 -1
    outer loop
      vertex -0.599999 91.4 2.4
      vertex 0 86.8 2.4
      vertex -0.599999 83.4 2.4
    endloop
  endfacet
  facet normal 0 0 -1
    outer loop
      vertex 4 90.8 2.4
      vertex -0.599999 91.4 2.4
      vertex 7.4 91.4 2.4
    endloop
  endfacet
  facet normal 0 0 -1
    outer loop
      vertex 2.46927 90.4955 2.4
      vertex -0.599999 91.4 2.4
      vertex 3.21964 90.7231 2.4
    endloop
  endfacet
  facet normal 0 0 -1
    outer loop
      vertex 1.77772 90.1259 2.4
      vertex -0.599999 91.4 2.4
      vertex 2.46927 90.4955 2.4
    endloop
  endfacet
  facet normal 0 0 -1
    outer loop
      vertex 1.17157 89.6284 2.4
      vertex -0.599999 91.4 2.4
      vertex 1.77772 90.1259 2.4
    endloop
  endfacet
  facet normal 0 0 -1
    outer loop
      vertex 0.674121 89.0223 2.4
      vertex -0.599999 91.4 2.4
      vertex 1.17157 89.6284 2.4
    endloop
  endfacet
  facet normal 0 0 -1
    outer loop
      vertex 0.304482 88.3307 2.4
      vertex -0.599999 91.4 2.4
      vertex 0.674121 89.0223 2.4
    endloop
  endfacet
  facet normal 0 0 -1
    outer loop
      vertex 0.0768585 87.5804 2.4
      vertex -0.599999 91.4 2.4
      vertex 0.304482 88.3307 2.4
    endloop
  endfacet
  facet normal 0 0 -1
    outer loop
      vertex 0 86.8 2.4
      vertex -0.599999 91.4 2.4
      vertex 0.0768585 87.5804 2.4
    endloop
  endfacet
  facet normal 0 0 -1
    outer loop
      vertex 161.4 -0.599999 2.4
      vertex 160.8 4 2.4
      vertex 161.4 7.4 2.4
    endloop
  endfacet
  facet normal 0 0 -1
    outer loop
      vertex 161.4 -0.599999 2.4
      vertex 160.723 3.21964 2.4
      vertex 160.8 4 2.4
    endloop
  endfacet
  facet normal 0 0 -1
    outer loop
      vertex 161.4 -0.599999 2.4
      vertex 160.496 2.46927 2.4
      vertex 160.723 3.21964 2.4
    endloop
  endfacet
  facet normal 0 0 -1
    outer loop
      vertex 161.4 -0.599999 2.4
      vertex 160.126 1.77772 2.4
      vertex 160.496 2.46927 2.4
    endloop
  endfacet
  facet normal 0 0 -1
    outer loop
      vertex 161.4 -0.599999 2.4
      vertex 159.628 1.17157 2.4
      vertex 160.126 1.77772 2.4
    endloop
  endfacet
  facet normal 0 0 -1
    outer loop
      vertex 161.4 -0.599999 2.4
      vertex 159.022 0.674121 2.4
      vertex 159.628 1.17157 2.4
    endloop
  endfacet
  facet normal 0 0 -1
    outer loop
      vertex 161.4 -0.599999 2.4
      vertex 158.331 0.304482 2.4
      vertex 159.022 0.674121 2.4
    endloop
  endfacet
  facet normal 0 0 -1
    outer loop
      vertex 161.4 -0.599999 2.4
      vertex 157.58 0.0768585 2.4
      vertex 158.331 0.304482 2.4
    endloop
  endfacet
  facet normal 0 0 -1
    outer loop
      vertex 161.4 -0.599999 2.4
      vertex 156.8 0 2.4
      vertex 157.58 0.0768585 2.4
    endloop
  endfacet
  facet normal 0 0 -1
    outer loop
      vertex 153.4 -0.599999 2.4
      vertex 156.8 0 2.4
      vertex 161.4 -0.599999 2.4
    endloop
  endfacet
  facet normal -0 0 -1
    outer loop
      vertex 156.8 0 2.4
      vertex 153.4 -0.599999 2.4
      vertex 153.4 0 2.4
    endloop
  endfacet
  facet normal -0 0 -1
    outer loop
      vertex 161.4 7.4 2.4
      vertex 160.8 4 2.4
      vertex 160.8 7.4 2.4
    endloop
  endfacet
  facet normal 0 0 -1
    outer loop
      vertex 7.4 -0.599999 2.4
      vertex 4 0 2.4
      vertex 7.4 0 2.4
    endloop
  endfacet
  facet normal 0 0 -1
    outer loop
      vertex -0.599999 -0.599999 2.4
      vertex 4 0 2.4
      vertex 7.4 -0.599999 2.4
    endloop
  endfacet
  facet normal -0 0 -1
    outer loop
      vertex 4 0 2.4
      vertex -0.599999 -0.599999 2.4
      vertex 3.21964 0.0768585 2.4
    endloop
  endfacet
  facet normal 0 0 -1
    outer loop
      vertex -0.599999 -0.599999 2.4
      vertex 2.46927 0.304482 2.4
      vertex 3.21964 0.0768585 2.4
    endloop
  endfacet
  facet normal 0 0 -1
    outer loop
      vertex -0.599999 -0.599999 2.4
      vertex 1.77772 0.674121 2.4
      vertex 2.46927 0.304482 2.4
    endloop
  endfacet
  facet normal 0 0 -1
    outer loop
      vertex -0.599999 -0.599999 2.4
      vertex 1.17157 1.17157 2.4
      vertex 1.77772 0.674121 2.4
    endloop
  endfacet
  facet normal 0 0 -1
    outer loop
      vertex -0.599999 -0.599999 2.4
      vertex 0.674121 1.77772 2.4
      vertex 1.17157 1.17157 2.4
    endloop
  endfacet
  facet normal 0 0 -1
    outer loop
      vertex -0.599999 -0.599999 2.4
      vertex 0.304482 2.46927 2.4
      vertex 0.674121 1.77772 2.4
    endloop
  endfacet
  facet normal 0 0 -1
    outer loop
      vertex -0.599999 -0.599999 2.4
      vertex 0.0768585 3.21964 2.4
      vertex 0.304482 2.46927 2.4
    endloop
  endfacet
  facet normal 0 0 -1
    outer loop
      vertex -0.599999 -0.599999 2.4
      vertex 0 4 2.4
      vertex 0.0768585 3.21964 2.4
    endloop
  endfacet
  facet normal 0 0 -1
    outer loop
      vertex -0.599999 7.4 2.4
      vertex 0 4 2.4
      vertex -0.599999 -0.599999 2.4
    endloop
  endfacet
  facet normal 0 0 -1
    outer loop
      vertex 0 4 2.4
      vertex -0.599999 7.4 2.4
      vertex 0 7.4 2.4
    endloop
  endfacet
  facet normal 0.773007 -0.634397 0
    outer loop
      vertex 2.73706 87.5111 27.4
      vertex 2.98579 87.8142 10.4
      vertex 2.98579 87.8142 27.4
    endloop
  endfacet
  facet normal 0.773007 -0.634397 0
    outer loop
      vertex 2.98579 87.8142 10.4
      vertex 2.73706 87.5111 27.4
      vertex 2.73706 87.5111 10.4
    endloop
  endfacet
  facet normal 1 0 0
    outer loop
      vertex 2.4 86.4 27.4
      vertex 2.4 83.4 10.4
      vertex 2.4 86.4 10.4
    endloop
  endfacet
  facet normal 1 0 0
    outer loop
      vertex 2.4 27.72 7.4
      vertex 2.4 83.4 10.4
      vertex 2.4 27.72 11.8
    endloop
  endfacet
  facet normal 1 0 0
    outer loop
      vertex 2.4 86.4 27.4
      vertex 2.4 27.72 11.8
      vertex 2.4 83.4 10.4
    endloop
  endfacet
  facet normal 1 -0 0
    outer loop
      vertex 2.4 4.4 27.4
      vertex 2.4 27.72 11.8
      vertex 2.4 86.4 27.4
    endloop
  endfacet
  facet normal 1 0 0
    outer loop
      vertex 2.4 10.72 11.8
      vertex 2.4 7.4 10.4
      vertex 2.4 10.72 7.4
    endloop
  endfacet
  facet normal 1 0 0
    outer loop
      vertex 2.4 27.72 11.8
      vertex 2.4 4.4 27.4
      vertex 2.4 10.72 11.8
    endloop
  endfacet
  facet normal 1 0 0
    outer loop
      vertex 2.4 4.4 10.4
      vertex 2.4 10.72 11.8
      vertex 2.4 4.4 27.4
    endloop
  endfacet
  facet normal 1 0 0
    outer loop
      vertex 2.4 10.72 11.8
      vertex 2.4 4.4 10.4
      vertex 2.4 7.4 10.4
    endloop
  endfacet
  facet normal 1 0 0
    outer loop
      vertex 2.4 83.4 10.4
      vertex 2.4 27.72 7.4
      vertex 2.4 83.4 2.4
    endloop
  endfacet
  facet normal 1 0 0
    outer loop
      vertex 2.4 7.4 2.4
      vertex 2.4 27.72 7.4
      vertex 2.4 10.72 7.4
    endloop
  endfacet
  facet normal 1 0 0
    outer loop
      vertex 2.4 27.72 7.4
      vertex 2.4 7.4 2.4
      vertex 2.4 83.4 2.4
    endloop
  endfacet
  facet normal 1 0 0
    outer loop
      vertex 2.4 7.4 2.4
      vertex 2.4 10.72 7.4
      vertex 2.4 7.4 10.4
    endloop
  endfacet
  facet normal -1 0 0
    outer loop
      vertex 158.4 83.4 2.4
      vertex 158.4 7.4 2.4
      vertex 158.4 83.4 10.4
    endloop
  endfacet
  facet normal -1 0 0
    outer loop
      vertex 158.4 83.4 10.4
      vertex 158.4 86.4 27.4
      vertex 158.4 86.4 10.4
    endloop
  endfacet
  facet normal -1 0 0
    outer loop
      vertex 158.4 7.4 10.4
      vertex 158.4 83.4 10.4
      vertex 158.4 7.4 2.4
    endloop
  endfacet
  facet normal -1 0 0
    outer loop
      vertex 158.4 83.4 10.4
      vertex 158.4 7.4 10.4
      vertex 158.4 86.4 27.4
    endloop
  endfacet
  facet normal -1 0 0
    outer loop
      vertex 158.4 4.4 27.4
      vertex 158.4 7.4 10.4
      vertex 158.4 4.4 10.4
    endloop
  endfacet
  facet normal -1 0 0
    outer loop
      vertex 158.4 7.4 10.4
      vertex 158.4 4.4 27.4
      vertex 158.4 86.4 27.4
    endloop
  endfacet
  facet normal 0 1 -0
    outer loop
      vertex 153.4 2.4 2.4
      vertex 145.26 2.4 7.4
      vertex 153.4 2.4 7.4
    endloop
  endfacet
  facet normal 0 1 0
    outer loop
      vertex 145.26 2.4 7.4
      vertex 153.4 2.4 2.4
      vertex 137.36 2.4 7.4
    endloop
  endfacet
  facet normal 0 1 0
    outer loop
      vertex 137.36 2.4 7.4
      vertex 153.4 2.4 2.4
      vertex 126.36 2.4 7.4
    endloop
  endfacet
  facet normal -0 1 0
    outer loop
      vertex 82.4 2.4 4.4
      vertex 126.36 2.4 7.4
      vertex 153.4 2.4 2.4
    endloop
  endfacet
  facet normal 0 1 0
    outer loop
      vertex 126.36 2.4 7.4
      vertex 82.4 2.4 4.4
      vertex 99.04 2.4 7.4
    endloop
  endfacet
  facet normal 0 1 0
    outer loop
      vertex 82.4 2.4 4.4
      vertex 153.4 2.4 2.4
      vertex 80.4 2.4 4.4
    endloop
  endfacet
  facet normal 0 1 0
    outer loop
      vertex 99.04 2.4 7.4
      vertex 82.4 2.4 4.4
      vertex 84.04 2.4 7.4
    endloop
  endfacet
  facet normal 0 1 -0
    outer loop
      vertex 126.36 2.4 7.4
      vertex 99.04 2.4 11.8
      vertex 126.36 2.4 11.8
    endloop
  endfacet
  facet normal 0 1 0
    outer loop
      vertex 99.04 2.4 11.8
      vertex 126.36 2.4 7.4
      vertex 99.04 2.4 7.4
    endloop
  endfacet
  facet normal 0 1 -0
    outer loop
      vertex 145.26 2.4 7.4
      vertex 137.36 2.4 11.8
      vertex 145.26 2.4 11.8
    endloop
  endfacet
  facet normal 0 1 0
    outer loop
      vertex 137.36 2.4 11.8
      vertex 145.26 2.4 7.4
      vertex 137.36 2.4 7.4
    endloop
  endfacet
  facet normal 0 1 0
    outer loop
      vertex 145.26 2.4 11.8
      vertex 156.4 2.4 27.4
      vertex 156.26 2.4 11.8
    endloop
  endfacet
  facet normal 0 1 -0
    outer loop
      vertex 156.4 2.4 10.4
      vertex 156.26 2.4 11.8
      vertex 156.4 2.4 27.4
    endloop
  endfacet
  facet normal 0 1 0
    outer loop
      vertex 156.26 2.4 11.8
      vertex 156.4 2.4 10.4
      vertex 156.26 2.4 10.4
    endloop
  endfacet
  facet normal 0 1 0
    outer loop
      vertex 137.36 2.4 11.8
      vertex 156.4 2.4 27.4
      vertex 145.26 2.4 11.8
    endloop
  endfacet
  facet normal 0 1 0
    outer loop
      vertex 126.36 2.4 11.8
      vertex 156.4 2.4 27.4
      vertex 137.36 2.4 11.8
    endloop
  endfacet
  facet normal 0 1 0
    outer loop
      vertex 156.4 2.4 27.4
      vertex 126.36 2.4 11.8
      vertex 82.4 2.4 27.4
    endloop
  endfacet
  facet normal 0 1 -0
    outer loop
      vertex 99.04 2.4 11.8
      vertex 82.4 2.4 27.4
      vertex 126.36 2.4 11.8
    endloop
  endfacet
  facet normal 0 1 -0
    outer loop
      vertex 84.04 2.4 11.8
      vertex 82.4 2.4 27.4
      vertex 99.04 2.4 11.8
    endloop
  endfacet
  facet normal 0 1 0
    outer loop
      vertex 82.4 2.4 4.4
      vertex 84.04 2.4 11.8
      vertex 84.04 2.4 7.4
    endloop
  endfacet
  facet normal 0 1 0
    outer loop
      vertex 84.04 2.4 11.8
      vertex 82.4 2.4 4.4
      vertex 82.4 2.4 27.4
    endloop
  endfacet
  facet normal 0 1 -0
    outer loop
      vertex 53.2 2.4 7.4
      vertex 7.4 2.4 10.4
      vertex 53.2 2.4 11.8
    endloop
  endfacet
  facet normal 0 1 0
    outer loop
      vertex 7.4 2.4 2.4
      vertex 53.2 2.4 7.4
      vertex 80.4 2.4 4.4
    endloop
  endfacet
  facet normal 0 1 0
    outer loop
      vertex 53.2 2.4 7.4
      vertex 7.4 2.4 2.4
      vertex 7.4 2.4 10.4
    endloop
  endfacet
  facet normal 0 1 0
    outer loop
      vertex 7.4 2.4 2.4
      vertex 80.4 2.4 4.4
      vertex 153.4 2.4 2.4
    endloop
  endfacet
  facet normal 0 1 0
    outer loop
      vertex 53.2 2.4 11.8
      vertex 80.4 2.4 27.4
      vertex 70.2 2.4 11.8
    endloop
  endfacet
  facet normal 0 1 -0
    outer loop
      vertex 80.4 2.4 4.4
      vertex 70.2 2.4 11.8
      vertex 80.4 2.4 27.4
    endloop
  endfacet
  facet normal 0 1 0
    outer loop
      vertex 70.2 2.4 7.4
      vertex 80.4 2.4 4.4
      vertex 53.2 2.4 7.4
    endloop
  endfacet
  facet normal 0 1 0
    outer loop
      vertex 70.2 2.4 11.8
      vertex 80.4 2.4 4.4
      vertex 70.2 2.4 7.4
    endloop
  endfacet
  facet normal 0 1 0
    outer loop
      vertex 80.4 2.4 27.4
      vertex 53.2 2.4 11.8
      vertex 4.4 2.4 27.4
    endloop
  endfacet
  facet normal 0 1 -0
    outer loop
      vertex 7.4 2.4 10.4
      vertex 4.4 2.4 27.4
      vertex 53.2 2.4 11.8
    endloop
  endfacet
  facet normal 0 1 0
    outer loop
      vertex 4.4 2.4 27.4
      vertex 7.4 2.4 10.4
      vertex 4.4 2.4 10.4
    endloop
  endfacet
  facet normal -0.634409 -0.772998 0
    outer loop
      vertex 157.511 88.0629 10.4
      vertex 157.814 87.8142 27.4
      vertex 157.511 88.0629 27.4
    endloop
  endfacet
  facet normal -0.634409 -0.772998 -0
    outer loop
      vertex 157.814 87.8142 27.4
      vertex 157.511 88.0629 10.4
      vertex 157.814 87.8142 10.4
    endloop
  endfacet
  facet normal -0.47138 -0.88193 0
    outer loop
      vertex 157.165 88.2478 10.4
      vertex 157.511 88.0629 27.4
      vertex 157.165 88.2478 27.4
    endloop
  endfacet
  facet normal -0.47138 -0.88193 -0
    outer loop
      vertex 157.511 88.0629 27.4
      vertex 157.165 88.2478 10.4
      vertex 157.511 88.0629 10.4
    endloop
  endfacet
  facet normal -0.0980162 -0.995185 0
    outer loop
      vertex 156.4 88.4 11.8
      vertex 156.79 88.3616 27.4
      vertex 156.4 88.4 27.4
    endloop
  endfacet
  facet normal -0.098027 -0.995184 2.70939e-07
    outer loop
      vertex 156.68 88.3724 11.8
      vertex 156.79 88.3616 27.4
      vertex 156.4 88.4 11.8
    endloop
  endfacet
  facet normal -0.097989 -0.995188 0
    outer loop
      vertex 156.79 88.3616 10.4
      vertex 156.68 88.3724 11.8
      vertex 156.68 88.3724 10.4
    endloop
  endfacet
  facet normal -0.097989 -0.995188 0
    outer loop
      vertex 156.68 88.3724 11.8
      vertex 156.79 88.3616 10.4
      vertex 156.79 88.3616 27.4
    endloop
  endfacet
  facet normal 0.290294 -0.956938 0
    outer loop
      vertex 3.63463 88.2478 10.4
      vertex 4.00982 88.3616 27.4
      vertex 3.63463 88.2478 27.4
    endloop
  endfacet
  facet normal 0.290294 -0.956938 0
    outer loop
      vertex 4.00982 88.3616 27.4
      vertex 3.63463 88.2478 10.4
      vertex 4.00982 88.3616 10.4
    endloop
  endfacet
  facet normal 0.471386 -0.881927 0
    outer loop
      vertex 3.28886 88.0629 10.4
      vertex 3.63463 88.2478 27.4
      vertex 3.28886 88.0629 27.4
    endloop
  endfacet
  facet normal 0.471386 -0.881927 0
    outer loop
      vertex 3.63463 88.2478 27.4
      vertex 3.28886 88.0629 10.4
      vertex 3.63463 88.2478 10.4
    endloop
  endfacet
  facet normal 0.995185 -0.0980181 0
    outer loop
      vertex 2.4 86.4 27.4
      vertex 2.43843 86.7902 10.4
      vertex 2.43843 86.7902 27.4
    endloop
  endfacet
  facet normal 0.995185 -0.0980181 0
    outer loop
      vertex 2.43843 86.7902 10.4
      vertex 2.4 86.4 27.4
      vertex 2.4 86.4 10.4
    endloop
  endfacet
  facet normal -0.471389 0.881925 0
    outer loop
      vertex 157.511 2.73706 10.4
      vertex 157.165 2.55224 27.4
      vertex 157.511 2.73706 27.4
    endloop
  endfacet
  facet normal -0.471389 0.881925 0
    outer loop
      vertex 157.165 2.55224 27.4
      vertex 157.511 2.73706 10.4
      vertex 157.165 2.55224 10.4
    endloop
  endfacet
  facet normal -0.773 0.634405 0
    outer loop
      vertex 157.814 2.98579 10.4
      vertex 158.063 3.28886 27.4
      vertex 158.063 3.28886 10.4
    endloop
  endfacet
  facet normal -0.773 0.634405 0
    outer loop
      vertex 158.063 3.28886 27.4
      vertex 157.814 2.98579 10.4
      vertex 157.814 2.98579 27.4
    endloop
  endfacet
  facet normal -0.290287 0.95694 0
    outer loop
      vertex 157.165 2.55224 10.4
      vertex 156.79 2.43843 27.4
      vertex 157.165 2.55224 27.4
    endloop
  endfacet
  facet normal -0.290287 0.95694 0
    outer loop
      vertex 156.79 2.43843 27.4
      vertex 157.165 2.55224 10.4
      vertex 156.79 2.43843 10.4
    endloop
  endfacet
  facet normal 0.0980167 0.995185 -0
    outer loop
      vertex 4.4 2.4 10.4
      vertex 4.00982 2.43843 27.4
      vertex 4.4 2.4 27.4
    endloop
  endfacet
  facet normal 0.0980167 0.995185 0
    outer loop
      vertex 4.00982 2.43843 27.4
      vertex 4.4 2.4 10.4
      vertex 4.00982 2.43843 10.4
    endloop
  endfacet
  facet normal -0.881926 -0.471388 0
    outer loop
      vertex 158.248 87.1654 10.4
      vertex 158.063 87.5111 27.4
      vertex 158.063 87.5111 10.4
    endloop
  endfacet
  facet normal -0.881926 -0.471388 0
    outer loop
      vertex 158.063 87.5111 27.4
      vertex 158.248 87.1654 10.4
      vertex 158.248 87.1654 27.4
    endloop
  endfacet
  facet normal -0.772998 -0.634409 0
    outer loop
      vertex 158.063 87.5111 10.4
      vertex 157.814 87.8142 27.4
      vertex 157.814 87.8142 10.4
    endloop
  endfacet
  facet normal -0.772998 -0.634409 0
    outer loop
      vertex 157.814 87.8142 27.4
      vertex 158.063 87.5111 10.4
      vertex 158.063 87.5111 27.4
    endloop
  endfacet
  facet normal -0.290296 -0.956937 0
    outer loop
      vertex 156.79 88.3616 10.4
      vertex 157.165 88.2478 27.4
      vertex 156.79 88.3616 27.4
    endloop
  endfacet
  facet normal -0.290296 -0.956937 -0
    outer loop
      vertex 157.165 88.2478 27.4
      vertex 156.79 88.3616 10.4
      vertex 157.165 88.2478 10.4
    endloop
  endfacet
  facet normal 0.0980165 -0.995185 0
    outer loop
      vertex 4.00982 88.3616 10.4
      vertex 4.4 88.4 27.4
      vertex 4.00982 88.3616 27.4
    endloop
  endfacet
  facet normal 0.0980165 -0.995185 0
    outer loop
      vertex 4.4 88.4 27.4
      vertex 4.00982 88.3616 10.4
      vertex 4.4 88.4 10.4
    endloop
  endfacet
  facet normal 0.634405 -0.773 0
    outer loop
      vertex 2.98579 87.8142 10.4
      vertex 3.28886 88.0629 27.4
      vertex 2.98579 87.8142 27.4
    endloop
  endfacet
  facet normal 0.634405 -0.773 0
    outer loop
      vertex 3.28886 88.0629 27.4
      vertex 2.98579 87.8142 10.4
      vertex 3.28886 88.0629 10.4
    endloop
  endfacet
  facet normal 0.956941 -0.290281 0
    outer loop
      vertex 2.43843 86.7902 27.4
      vertex 2.55224 87.1654 10.4
      vertex 2.55224 87.1654 27.4
    endloop
  endfacet
  facet normal 0.956941 -0.290281 0
    outer loop
      vertex 2.55224 87.1654 10.4
      vertex 2.43843 86.7902 27.4
      vertex 2.43843 86.7902 10.4
    endloop
  endfacet
  facet normal 0.881921 -0.471397 0
    outer loop
      vertex 2.55224 87.1654 27.4
      vertex 2.73706 87.5111 10.4
      vertex 2.73706 87.5111 27.4
    endloop
  endfacet
  facet normal 0.881921 -0.471397 0
    outer loop
      vertex 2.73706 87.5111 10.4
      vertex 2.55224 87.1654 27.4
      vertex 2.55224 87.1654 10.4
    endloop
  endfacet
  facet normal -0.881927 0.471386 0
    outer loop
      vertex 158.063 3.28886 10.4
      vertex 158.248 3.63463 27.4
      vertex 158.248 3.63463 10.4
    endloop
  endfacet
  facet normal -0.881927 0.471386 0
    outer loop
      vertex 158.248 3.63463 27.4
      vertex 158.063 3.28886 10.4
      vertex 158.063 3.28886 27.4
    endloop
  endfacet
  facet normal -0.995187 0.0979972 0
    outer loop
      vertex 158.362 4.00982 10.4
      vertex 158.4 4.4 27.4
      vertex 158.4 4.4 10.4
    endloop
  endfacet
  facet normal -0.995187 0.0979972 0
    outer loop
      vertex 158.4 4.4 27.4
      vertex 158.362 4.00982 10.4
      vertex 158.362 4.00982 27.4
    endloop
  endfacet
  facet normal -0.634397 0.773007 0
    outer loop
      vertex 157.814 2.98579 10.4
      vertex 157.511 2.73706 27.4
      vertex 157.814 2.98579 27.4
    endloop
  endfacet
  facet normal -0.634397 0.773007 0
    outer loop
      vertex 157.511 2.73706 27.4
      vertex 157.814 2.98579 10.4
      vertex 157.511 2.73706 10.4
    endloop
  endfacet
  facet normal 0.77301 0.634394 0
    outer loop
      vertex 2.98579 2.98579 27.4
      vertex 2.73706 3.28886 10.4
      vertex 2.73706 3.28886 27.4
    endloop
  endfacet
  facet normal 0.77301 0.634394 0
    outer loop
      vertex 2.73706 3.28886 10.4
      vertex 2.98579 2.98579 27.4
      vertex 2.98579 2.98579 10.4
    endloop
  endfacet
  facet normal 0.95694 0.290285 0
    outer loop
      vertex 2.55224 3.63463 27.4
      vertex 2.43843 4.00982 10.4
      vertex 2.43843 4.00982 27.4
    endloop
  endfacet
  facet normal 0.95694 0.290285 0
    outer loop
      vertex 2.43843 4.00982 10.4
      vertex 2.55224 3.63463 27.4
      vertex 2.55224 3.63463 10.4
    endloop
  endfacet
  facet normal 0.471395 0.881922 -0
    outer loop
      vertex 3.63463 2.55224 10.4
      vertex 3.28886 2.73706 27.4
      vertex 3.63463 2.55224 27.4
    endloop
  endfacet
  facet normal 0.471395 0.881922 0
    outer loop
      vertex 3.28886 2.73706 27.4
      vertex 3.63463 2.55224 10.4
      vertex 3.28886 2.73706 10.4
    endloop
  endfacet
  facet normal -0.956939 -0.29029 0
    outer loop
      vertex 158.362 86.7902 10.4
      vertex 158.248 87.1654 27.4
      vertex 158.248 87.1654 10.4
    endloop
  endfacet
  facet normal -0.956939 -0.29029 0
    outer loop
      vertex 158.248 87.1654 27.4
      vertex 158.362 86.7902 10.4
      vertex 158.362 86.7902 27.4
    endloop
  endfacet
  facet normal -0.956938 0.290294 0
    outer loop
      vertex 158.248 3.63463 10.4
      vertex 158.362 4.00982 27.4
      vertex 158.362 4.00982 10.4
    endloop
  endfacet
  facet normal -0.956938 0.290294 0
    outer loop
      vertex 158.362 4.00982 27.4
      vertex 158.248 3.63463 10.4
      vertex 158.248 3.63463 27.4
    endloop
  endfacet
  facet normal 0.634394 0.77301 -0
    outer loop
      vertex 3.28886 2.73706 10.4
      vertex 2.98579 2.98579 27.4
      vertex 3.28886 2.73706 27.4
    endloop
  endfacet
  facet normal 0.634394 0.77301 0
    outer loop
      vertex 2.98579 2.98579 27.4
      vertex 3.28886 2.73706 10.4
      vertex 2.98579 2.98579 10.4
    endloop
  endfacet
  facet normal 0.881922 0.471395 0
    outer loop
      vertex 2.73706 3.28886 27.4
      vertex 2.55224 3.63463 10.4
      vertex 2.55224 3.63463 27.4
    endloop
  endfacet
  facet normal 0.881922 0.471395 0
    outer loop
      vertex 2.55224 3.63463 10.4
      vertex 2.73706 3.28886 27.4
      vertex 2.73706 3.28886 10.4
    endloop
  endfacet
  facet normal 0.290285 0.95694 -0
    outer loop
      vertex 4.00982 2.43843 10.4
      vertex 3.63463 2.55224 27.4
      vertex 4.00982 2.43843 27.4
    endloop
  endfacet
  facet normal 0.290285 0.95694 0
    outer loop
      vertex 3.63463 2.55224 27.4
      vertex 4.00982 2.43843 10.4
      vertex 3.63463 2.55224 10.4
    endloop
  endfacet
  facet normal -1 0 0
    outer loop
      vertex -0.599999 -0.599999 2.4
      vertex -0.599999 7.4 10.4
      vertex -0.599999 7.4 2.4
    endloop
  endfacet
  facet normal -1 -0 0
    outer loop
      vertex -0.599999 7.4 10.4
      vertex -0.599999 -0.599999 2.4
      vertex -0.599999 -0.599999 10.4
    endloop
  endfacet
  facet normal 0 0 1
    outer loop
      vertex 0 7.4 10.4
      vertex -0.599999 7.4 10.4
      vertex 0 4 10.4
    endloop
  endfacet
  facet normal -0 0 1
    outer loop
      vertex 4 0 10.4
      vertex 7.4 -0.599999 10.4
      vertex 7.4 0 10.4
    endloop
  endfacet
  facet normal 0 0 1
    outer loop
      vertex -0.599999 -0.599999 10.4
      vertex 4 0 10.4
      vertex 3.21964 0.0768585 10.4
    endloop
  endfacet
  facet normal 0 0 1
    outer loop
      vertex -0.599999 -0.599999 10.4
      vertex 0 4 10.4
      vertex -0.599999 7.4 10.4
    endloop
  endfacet
  facet normal 0 0 1
    outer loop
      vertex 4 0 10.4
      vertex -0.599999 -0.599999 10.4
      vertex 7.4 -0.599999 10.4
    endloop
  endfacet
  facet normal 0 0 1
    outer loop
      vertex 2.46927 0.304482 10.4
      vertex -0.599999 -0.599999 10.4
      vertex 3.21964 0.0768585 10.4
    endloop
  endfacet
  facet normal 0 0 1
    outer loop
      vertex 1.77772 0.674121 10.4
      vertex -0.599999 -0.599999 10.4
      vertex 2.46927 0.304482 10.4
    endloop
  endfacet
  facet normal 0 0 1
    outer loop
      vertex 1.17157 1.17157 10.4
      vertex -0.599999 -0.599999 10.4
      vertex 1.77772 0.674121 10.4
    endloop
  endfacet
  facet normal 0 0 1
    outer loop
      vertex 0.674121 1.77772 10.4
      vertex -0.599999 -0.599999 10.4
      vertex 1.17157 1.17157 10.4
    endloop
  endfacet
  facet normal 0 0 1
    outer loop
      vertex 0.304482 2.46927 10.4
      vertex -0.599999 -0.599999 10.4
      vertex 0.674121 1.77772 10.4
    endloop
  endfacet
  facet normal 0 0 1
    outer loop
      vertex 0.0768585 3.21964 10.4
      vertex -0.599999 -0.599999 10.4
      vertex 0.304482 2.46927 10.4
    endloop
  endfacet
  facet normal 0 0 1
    outer loop
      vertex 0 4 10.4
      vertex -0.599999 -0.599999 10.4
      vertex 0.0768585 3.21964 10.4
    endloop
  endfacet
  facet normal 0 0 1
    outer loop
      vertex 7.4 7.4 10.4
      vertex 4.4 2.4 10.4
      vertex 7.4 2.4 10.4
    endloop
  endfacet
  facet normal -0 0 1
    outer loop
      vertex 2.4 4.4 10.4
      vertex 4.4 2.4 10.4
      vertex 7.4 7.4 10.4
    endloop
  endfacet
  facet normal 0 0 1
    outer loop
      vertex 4.4 2.4 10.4
      vertex 2.4 4.4 10.4
      vertex 4.00982 2.43843 10.4
    endloop
  endfacet
  facet normal 0 0 1
    outer loop
      vertex 4.00982 2.43843 10.4
      vertex 2.4 4.4 10.4
      vertex 3.63463 2.55224 10.4
    endloop
  endfacet
  facet normal 0 0 1
    outer loop
      vertex 3.63463 2.55224 10.4
      vertex 2.4 4.4 10.4
      vertex 3.28886 2.73706 10.4
    endloop
  endfacet
  facet normal 0 0 1
    outer loop
      vertex 3.28886 2.73706 10.4
      vertex 2.4 4.4 10.4
      vertex 2.98579 2.98579 10.4
    endloop
  endfacet
  facet normal 0 0 1
    outer loop
      vertex 2.98579 2.98579 10.4
      vertex 2.4 4.4 10.4
      vertex 2.73706 3.28886 10.4
    endloop
  endfacet
  facet normal 0 0 1
    outer loop
      vertex 2.73706 3.28886 10.4
      vertex 2.4 4.4 10.4
      vertex 2.55224 3.63463 10.4
    endloop
  endfacet
  facet normal 0 0 1
    outer loop
      vertex 2.4 4.4 10.4
      vertex 7.4 7.4 10.4
      vertex 2.4 7.4 10.4
    endloop
  endfacet
  facet normal 0 0 1
    outer loop
      vertex 2.55224 3.63463 10.4
      vertex 2.4 4.4 10.4
      vertex 2.43843 4.00982 10.4
    endloop
  endfacet
  facet normal 1 -0 0
    outer loop
      vertex 7.4 -0.599999 10.4
      vertex 7.4 0 2.4
      vertex 7.4 0 10.4
    endloop
  endfacet
  facet normal 1 0 0
    outer loop
      vertex 7.4 0 2.4
      vertex 7.4 -0.599999 10.4
      vertex 7.4 -0.599999 2.4
    endloop
  endfacet
  facet normal 1 -0 0
    outer loop
      vertex 7.4 2.4 10.4
      vertex 7.4 7.4 2.4
      vertex 7.4 7.4 10.4
    endloop
  endfacet
  facet normal 1 0 0
    outer loop
      vertex 7.4 7.4 2.4
      vertex 7.4 2.4 10.4
      vertex 7.4 2.4 2.4
    endloop
  endfacet
  facet normal 0 -1 0
    outer loop
      vertex -0.599999 -0.599999 2.4
      vertex 7.4 -0.599999 10.4
      vertex -0.599999 -0.599999 10.4
    endloop
  endfacet
  facet normal 0 -1 -0
    outer loop
      vertex 7.4 -0.599999 10.4
      vertex -0.599999 -0.599999 2.4
      vertex 7.4 -0.599999 2.4
    endloop
  endfacet
  facet normal 0 1 -0
    outer loop
      vertex 7.4 7.4 2.4
      vertex 2.4 7.4 10.4
      vertex 7.4 7.4 10.4
    endloop
  endfacet
  facet normal 0 1 0
    outer loop
      vertex 2.4 7.4 10.4
      vertex 7.4 7.4 2.4
      vertex 2.4 7.4 2.4
    endloop
  endfacet
  facet normal 0 1 -0
    outer loop
      vertex 0 7.4 2.4
      vertex -0.599999 7.4 10.4
      vertex 0 7.4 10.4
    endloop
  endfacet
  facet normal 0 1 0
    outer loop
      vertex -0.599999 7.4 10.4
      vertex 0 7.4 2.4
      vertex -0.599999 7.4 2.4
    endloop
  endfacet
  facet normal -1 0 0
    outer loop
      vertex 153.4 2.4 2.4
      vertex 153.4 7.4 7.4
      vertex 153.4 7.4 2.4
    endloop
  endfacet
  facet normal -1 -0 0
    outer loop
      vertex 153.4 7.4 7.4
      vertex 153.4 2.4 2.4
      vertex 153.4 2.4 7.4
    endloop
  endfacet
  facet normal -1 0 0
    outer loop
      vertex 153.4 -0.599999 2.4
      vertex 153.4 0 7.4
      vertex 153.4 0 2.4
    endloop
  endfacet
  facet normal -1 -0 0
    outer loop
      vertex 153.4 0 7.4
      vertex 153.4 -0.599999 2.4
      vertex 153.4 -0.599999 7.4
    endloop
  endfacet
  facet normal 0 0 1
    outer loop
      vertex 160.8 4 10.4
      vertex 161.4 7.4 10.4
      vertex 160.8 7.4 10.4
    endloop
  endfacet
  facet normal 0 0 1
    outer loop
      vertex 161.4 7.4 10.4
      vertex 160.8 4 10.4
      vertex 161.4 -0.599999 10.4
    endloop
  endfacet
  facet normal -0 0 1
    outer loop
      vertex 160.723 3.21964 10.4
      vertex 161.4 -0.599999 10.4
      vertex 160.8 4 10.4
    endloop
  endfacet
  facet normal -0 0 1
    outer loop
      vertex 160.496 2.46927 10.4
      vertex 161.4 -0.599999 10.4
      vertex 160.723 3.21964 10.4
    endloop
  endfacet
  facet normal -0 0 1
    outer loop
      vertex 160.126 1.77772 10.4
      vertex 161.4 -0.599999 10.4
      vertex 160.496 2.46927 10.4
    endloop
  endfacet
  facet normal -0 0 1
    outer loop
      vertex 159.628 1.17157 10.4
      vertex 161.4 -0.599999 10.4
      vertex 160.126 1.77772 10.4
    endloop
  endfacet
  facet normal -0 0 1
    outer loop
      vertex 159.022 0.674121 10.4
      vertex 161.4 -0.599999 10.4
      vertex 159.628 1.17157 10.4
    endloop
  endfacet
  facet normal -0 0 1
    outer loop
      vertex 158.331 0.304482 10.4
      vertex 161.4 -0.599999 10.4
      vertex 159.022 0.674121 10.4
    endloop
  endfacet
  facet normal -0 0 1
    outer loop
      vertex 157.58 0.0768585 10.4
      vertex 161.4 -0.599999 10.4
      vertex 158.331 0.304482 10.4
    endloop
  endfacet
  facet normal 0 0 1
    outer loop
      vertex 156.26 -0.599999 10.4
      vertex 157.58 0.0768585 10.4
      vertex 156.8 0 10.4
    endloop
  endfacet
  facet normal 0 0 1
    outer loop
      vertex 156.26 -0.599999 10.4
      vertex 156.8 0 10.4
      vertex 156.26 0 10.4
    endloop
  endfacet
  facet normal 0 0 1
    outer loop
      vertex 157.58 0.0768585 10.4
      vertex 156.26 -0.599999 10.4
      vertex 161.4 -0.599999 10.4
    endloop
  endfacet
  facet normal -0 0 1
    outer loop
      vertex 156.26 7.4 10.4
      vertex 158.4 4.4 10.4
      vertex 158.4 7.4 10.4
    endloop
  endfacet
  facet normal 0 0 1
    outer loop
      vertex 156.26 2.4 10.4
      vertex 158.4 4.4 10.4
      vertex 156.26 7.4 10.4
    endloop
  endfacet
  facet normal 0 -0 1
    outer loop
      vertex 156.4 2.4 10.4
      vertex 158.4 4.4 10.4
      vertex 156.26 2.4 10.4
    endloop
  endfacet
  facet normal 0 0 1
    outer loop
      vertex 158.4 4.4 10.4
      vertex 156.4 2.4 10.4
      vertex 158.362 4.00982 10.4
    endloop
  endfacet
  facet normal 0 0 1
    outer loop
      vertex 158.362 4.00982 10.4
      vertex 156.4 2.4 10.4
      vertex 158.248 3.63463 10.4
    endloop
  endfacet
  facet normal 0 0 1
    outer loop
      vertex 158.248 3.63463 10.4
      vertex 156.4 2.4 10.4
      vertex 158.063 3.28886 10.4
    endloop
  endfacet
  facet normal 0 0 1
    outer loop
      vertex 158.063 3.28886 10.4
      vertex 156.4 2.4 10.4
      vertex 157.814 2.98579 10.4
    endloop
  endfacet
  facet normal 0 0 1
    outer loop
      vertex 157.814 2.98579 10.4
      vertex 156.4 2.4 10.4
      vertex 157.511 2.73706 10.4
    endloop
  endfacet
  facet normal 0 0 1
    outer loop
      vertex 157.165 2.55224 10.4
      vertex 156.4 2.4 10.4
      vertex 156.79 2.43843 10.4
    endloop
  endfacet
  facet normal 0 0 1
    outer loop
      vertex 157.511 2.73706 10.4
      vertex 156.4 2.4 10.4
      vertex 157.165 2.55224 10.4
    endloop
  endfacet
  facet normal 1 -0 0
    outer loop
      vertex 161.4 -0.599999 10.4
      vertex 161.4 7.4 2.4
      vertex 161.4 7.4 10.4
    endloop
  endfacet
  facet normal 1 0 0
    outer loop
      vertex 161.4 7.4 2.4
      vertex 161.4 -0.599999 10.4
      vertex 161.4 -0.599999 2.4
    endloop
  endfacet
  facet normal 0 1 -0
    outer loop
      vertex 161.4 7.4 2.4
      vertex 160.8 7.4 10.4
      vertex 161.4 7.4 10.4
    endloop
  endfacet
  facet normal 0 1 0
    outer loop
      vertex 160.8 7.4 10.4
      vertex 161.4 7.4 2.4
      vertex 160.8 7.4 2.4
    endloop
  endfacet
  facet normal 0 1 0
    outer loop
      vertex 158.4 7.4 10.4
      vertex 156.26 7.4 7.4
      vertex 156.26 7.4 10.4
    endloop
  endfacet
  facet normal 0 1 -0
    outer loop
      vertex 158.4 7.4 2.4
      vertex 156.26 7.4 7.4
      vertex 158.4 7.4 10.4
    endloop
  endfacet
  facet normal 0 1 0
    outer loop
      vertex 153.4 7.4 2.4
      vertex 156.26 7.4 7.4
      vertex 158.4 7.4 2.4
    endloop
  endfacet
  facet normal 0 1 0
    outer loop
      vertex 156.26 7.4 7.4
      vertex 153.4 7.4 2.4
      vertex 153.4 7.4 7.4
    endloop
  endfacet
  facet normal 0 -1 0
    outer loop
      vertex 153.4 -0.599999 7.4
      vertex 153.4 -0.599999 2.4
      vertex 156.26 -0.599999 7.4
    endloop
  endfacet
  facet normal 0 -1 0
    outer loop
      vertex 156.26 -0.599999 7.4
      vertex 161.4 -0.599999 10.4
      vertex 156.26 -0.599999 10.4
    endloop
  endfacet
  facet normal 0 -1 0
    outer loop
      vertex 161.4 -0.599999 2.4
      vertex 156.26 -0.599999 7.4
      vertex 153.4 -0.599999 2.4
    endloop
  endfacet
  facet normal 0 -1 0
    outer loop
      vertex 156.26 -0.599999 7.4
      vertex 161.4 -0.599999 2.4
      vertex 161.4 -0.599999 10.4
    endloop
  endfacet
  facet normal -1 0 0
    outer loop
      vertex -0.599999 83.4 2.4
      vertex -0.599999 91.4 10.4
      vertex -0.599999 91.4 2.4
    endloop
  endfacet
  facet normal -1 -0 0
    outer loop
      vertex -0.599999 91.4 10.4
      vertex -0.599999 83.4 2.4
      vertex -0.599999 83.4 10.4
    endloop
  endfacet
  facet normal 0 0 1
    outer loop
      vertex 7.4 91.4 10.4
      vertex 4 90.8 10.4
      vertex 7.4 90.8 10.4
    endloop
  endfacet
  facet normal -0 0 1
    outer loop
      vertex -0.599999 91.4 10.4
      vertex 4 90.8 10.4
      vertex 7.4 91.4 10.4
    endloop
  endfacet
  facet normal 0 0 1
    outer loop
      vertex 4 90.8 10.4
      vertex -0.599999 91.4 10.4
      vertex 3.21964 90.7231 10.4
    endloop
  endfacet
  facet normal 0 0 1
    outer loop
      vertex -0.599999 91.4 10.4
      vertex 2.46927 90.4955 10.4
      vertex 3.21964 90.7231 10.4
    endloop
  endfacet
  facet normal 0 0 1
    outer loop
      vertex -0.599999 91.4 10.4
      vertex 1.77772 90.1259 10.4
      vertex 2.46927 90.4955 10.4
    endloop
  endfacet
  facet normal 0 0 1
    outer loop
      vertex -0.599999 91.4 10.4
      vertex 1.17157 89.6284 10.4
      vertex 1.77772 90.1259 10.4
    endloop
  endfacet
  facet normal 0 0 1
    outer loop
      vertex -0.599999 91.4 10.4
      vertex 0.674121 89.0223 10.4
      vertex 1.17157 89.6284 10.4
    endloop
  endfacet
  facet normal 0 0 1
    outer loop
      vertex -0.599999 91.4 10.4
      vertex 0.304482 88.3307 10.4
      vertex 0.674121 89.0223 10.4
    endloop
  endfacet
  facet normal 0 0 1
    outer loop
      vertex -0.599999 91.4 10.4
      vertex 0.0768585 87.5804 10.4
      vertex 0.304482 88.3307 10.4
    endloop
  endfacet
  facet normal 0 0 1
    outer loop
      vertex -0.599999 91.4 10.4
      vertex 0 86.8 10.4
      vertex 0.0768585 87.5804 10.4
    endloop
  endfacet
  facet normal 0 0 1
    outer loop
      vertex -0.599999 83.4 10.4
      vertex 0 86.8 10.4
      vertex -0.599999 91.4 10.4
    endloop
  endfacet
  facet normal 0 0 1
    outer loop
      vertex 0 86.8 10.4
      vertex -0.599999 83.4 10.4
      vertex 0 83.4 10.4
    endloop
  endfacet
  facet normal -0 0 1
    outer loop
      vertex 4.4 88.4 10.4
      vertex 7.4 83.4 10.4
      vertex 7.4 88.4 10.4
    endloop
  endfacet
  facet normal 0 0 1
    outer loop
      vertex 2.4 86.4 10.4
      vertex 4.4 88.4 10.4
      vertex 4.00982 88.3616 10.4
    endloop
  endfacet
  facet normal 0 0 1
    outer loop
      vertex 2.4 86.4 10.4
      vertex 4.00982 88.3616 10.4
      vertex 3.63463 88.2478 10.4
    endloop
  endfacet
  facet normal 0 0 1
    outer loop
      vertex 2.4 86.4 10.4
      vertex 3.63463 88.2478 10.4
      vertex 3.28886 88.0629 10.4
    endloop
  endfacet
  facet normal 0 0 1
    outer loop
      vertex 2.4 86.4 10.4
      vertex 3.28886 88.0629 10.4
      vertex 2.98579 87.8142 10.4
    endloop
  endfacet
  facet normal 0 0 1
    outer loop
      vertex 2.4 86.4 10.4
      vertex 2.98579 87.8142 10.4
      vertex 2.73706 87.5111 10.4
    endloop
  endfacet
  facet normal 0 0 1
    outer loop
      vertex 2.4 86.4 10.4
      vertex 2.73706 87.5111 10.4
      vertex 2.55224 87.1654 10.4
    endloop
  endfacet
  facet normal 0 0 1
    outer loop
      vertex 2.4 86.4 10.4
      vertex 2.55224 87.1654 10.4
      vertex 2.43843 86.7902 10.4
    endloop
  endfacet
  facet normal 0 0 1
    outer loop
      vertex 4.4 88.4 10.4
      vertex 2.4 86.4 10.4
      vertex 7.4 83.4 10.4
    endloop
  endfacet
  facet normal 0 0 1
    outer loop
      vertex 7.4 83.4 10.4
      vertex 2.4 86.4 10.4
      vertex 2.4 83.4 10.4
    endloop
  endfacet
  facet normal 1 -0 0
    outer loop
      vertex 7.4 83.4 10.4
      vertex 7.4 88.4 2.4
      vertex 7.4 88.4 10.4
    endloop
  endfacet
  facet normal 1 0 0
    outer loop
      vertex 7.4 88.4 2.4
      vertex 7.4 83.4 10.4
      vertex 7.4 83.4 2.4
    endloop
  endfacet
  facet normal 1 -0 0
    outer loop
      vertex 7.4 90.8 10.4
      vertex 7.4 91.4 2.4
      vertex 7.4 91.4 10.4
    endloop
  endfacet
  facet normal 1 0 0
    outer loop
      vertex 7.4 91.4 2.4
      vertex 7.4 90.8 10.4
      vertex 7.4 90.8 2.4
    endloop
  endfacet
  facet normal 0 1 -0
    outer loop
      vertex 7.4 91.4 2.4
      vertex -0.599999 91.4 10.4
      vertex 7.4 91.4 10.4
    endloop
  endfacet
  facet normal 0 1 0
    outer loop
      vertex -0.599999 91.4 10.4
      vertex 7.4 91.4 2.4
      vertex -0.599999 91.4 2.4
    endloop
  endfacet
  facet normal 0 -1 0
    outer loop
      vertex -0.599999 83.4 2.4
      vertex 0 83.4 10.4
      vertex -0.599999 83.4 10.4
    endloop
  endfacet
  facet normal 0 -1 -0
    outer loop
      vertex 0 83.4 10.4
      vertex -0.599999 83.4 2.4
      vertex 0 83.4 2.4
    endloop
  endfacet
  facet normal 0 -1 0
    outer loop
      vertex 2.4 83.4 2.4
      vertex 7.4 83.4 10.4
      vertex 2.4 83.4 10.4
    endloop
  endfacet
  facet normal 0 -1 -0
    outer loop
      vertex 7.4 83.4 10.4
      vertex 2.4 83.4 2.4
      vertex 7.4 83.4 2.4
    endloop
  endfacet
  facet normal -1 0 0
    outer loop
      vertex 153.4 88.4 2.4
      vertex 153.4 85.1 7.4
      vertex 153.4 88.4 7.4
    endloop
  endfacet
  facet normal -1 0 0
    outer loop
      vertex 153.4 83.4 2.4
      vertex 153.4 85.1 7.4
      vertex 153.4 88.4 2.4
    endloop
  endfacet
  facet normal -1 0 0
    outer loop
      vertex 153.4 83.4 10.4
      vertex 153.4 85.1 7.4
      vertex 153.4 83.4 2.4
    endloop
  endfacet
  facet normal -1 0 0
    outer loop
      vertex 153.4 85.1 7.4
      vertex 153.4 83.4 10.4
      vertex 153.4 85.1 10.4
    endloop
  endfacet
  facet normal -1 0 0
    outer loop
      vertex 153.4 90.8 2.4
      vertex 153.4 91.4 7.4
      vertex 153.4 91.4 2.4
    endloop
  endfacet
  facet normal -1 -0 0
    outer loop
      vertex 153.4 91.4 7.4
      vertex 153.4 90.8 2.4
      vertex 153.4 90.8 7.4
    endloop
  endfacet
  facet normal 0 0 1
    outer loop
      vertex 156.68 85.1 10.4
      vertex 158.4 86.4 10.4
      vertex 158.362 86.7902 10.4
    endloop
  endfacet
  facet normal 0 0 1
    outer loop
      vertex 156.68 85.1 10.4
      vertex 158.362 86.7902 10.4
      vertex 158.248 87.1654 10.4
    endloop
  endfacet
  facet normal 0 0 1
    outer loop
      vertex 156.68 85.1 10.4
      vertex 158.248 87.1654 10.4
      vertex 158.063 87.5111 10.4
    endloop
  endfacet
  facet normal 0 0 1
    outer loop
      vertex 156.68 85.1 10.4
      vertex 158.063 87.5111 10.4
      vertex 157.814 87.8142 10.4
    endloop
  endfacet
  facet normal 0 0 1
    outer loop
      vertex 156.68 85.1 10.4
      vertex 157.814 87.8142 10.4
      vertex 157.511 88.0629 10.4
    endloop
  endfacet
  facet normal 0 0 1
    outer loop
      vertex 156.68 85.1 10.4
      vertex 157.511 88.0629 10.4
      vertex 157.165 88.2478 10.4
    endloop
  endfacet
  facet normal 0 0 1
    outer loop
      vertex 156.68 88.3724 10.4
      vertex 157.165 88.2478 10.4
      vertex 156.79 88.3616 10.4
    endloop
  endfacet
  facet normal 0 0 1
    outer loop
      vertex 157.165 88.2478 10.4
      vertex 156.68 88.3724 10.4
      vertex 156.68 85.1 10.4
    endloop
  endfacet
  facet normal 0 0 1
    outer loop
      vertex 158.4 86.4 10.4
      vertex 156.68 85.1 10.4
      vertex 158.4 83.4 10.4
    endloop
  endfacet
  facet normal 0 0 1
    outer loop
      vertex 153.4 83.4 10.4
      vertex 156.68 85.1 10.4
      vertex 153.4 85.1 10.4
    endloop
  endfacet
  facet normal 0 0 1
    outer loop
      vertex 156.68 85.1 10.4
      vertex 153.4 83.4 10.4
      vertex 158.4 83.4 10.4
    endloop
  endfacet
  facet normal 0 0 1
    outer loop
      vertex 161.4 91.4 10.4
      vertex 160.8 86.8 10.4
      vertex 161.4 83.4 10.4
    endloop
  endfacet
  facet normal 0 0 1
    outer loop
      vertex 161.4 91.4 10.4
      vertex 160.723 87.5804 10.4
      vertex 160.8 86.8 10.4
    endloop
  endfacet
  facet normal 0 0 1
    outer loop
      vertex 161.4 91.4 10.4
      vertex 160.496 88.3307 10.4
      vertex 160.723 87.5804 10.4
    endloop
  endfacet
  facet normal 0 0 1
    outer loop
      vertex 161.4 91.4 10.4
      vertex 160.126 89.0223 10.4
      vertex 160.496 88.3307 10.4
    endloop
  endfacet
  facet normal 0 0 1
    outer loop
      vertex 161.4 91.4 10.4
      vertex 159.628 89.6284 10.4
      vertex 160.126 89.0223 10.4
    endloop
  endfacet
  facet normal 0 0 1
    outer loop
      vertex 161.4 91.4 10.4
      vertex 159.022 90.1259 10.4
      vertex 159.628 89.6284 10.4
    endloop
  endfacet
  facet normal 0 0 1
    outer loop
      vertex 161.4 91.4 10.4
      vertex 158.331 90.4955 10.4
      vertex 159.022 90.1259 10.4
    endloop
  endfacet
  facet normal -0 0 1
    outer loop
      vertex 156.68 91.4 10.4
      vertex 158.331 90.4955 10.4
      vertex 161.4 91.4 10.4
    endloop
  endfacet
  facet normal 0 0 1
    outer loop
      vertex 158.331 90.4955 10.4
      vertex 156.68 91.4 10.4
      vertex 157.58 90.7231 10.4
    endloop
  endfacet
  facet normal 0 0 1
    outer loop
      vertex 157.58 90.7231 10.4
      vertex 156.68 91.4 10.4
      vertex 156.8 90.8 10.4
    endloop
  endfacet
  facet normal 0 0 1
    outer loop
      vertex 156.8 90.8 10.4
      vertex 156.68 91.4 10.4
      vertex 156.68 90.8 10.4
    endloop
  endfacet
  facet normal 0 0 1
    outer loop
      vertex 161.4 83.4 10.4
      vertex 160.8 86.8 10.4
      vertex 160.8 83.4 10.4
    endloop
  endfacet
  facet normal 1 -0 0
    outer loop
      vertex 161.4 83.4 10.4
      vertex 161.4 91.4 2.4
      vertex 161.4 91.4 10.4
    endloop
  endfacet
  facet normal 1 0 0
    outer loop
      vertex 161.4 91.4 2.4
      vertex 161.4 83.4 10.4
      vertex 161.4 83.4 2.4
    endloop
  endfacet
  facet normal 0 -1 0
    outer loop
      vertex 153.4 83.4 2.4
      vertex 158.4 83.4 10.4
      vertex 153.4 83.4 10.4
    endloop
  endfacet
  facet normal 0 -1 -0
    outer loop
      vertex 158.4 83.4 10.4
      vertex 153.4 83.4 2.4
      vertex 158.4 83.4 2.4
    endloop
  endfacet
  facet normal 0 -1 0
    outer loop
      vertex 160.8 83.4 2.4
      vertex 161.4 83.4 10.4
      vertex 160.8 83.4 10.4
    endloop
  endfacet
  facet normal 0 -1 -0
    outer loop
      vertex 161.4 83.4 10.4
      vertex 160.8 83.4 2.4
      vertex 161.4 83.4 2.4
    endloop
  endfacet
  facet normal 0 1 0
    outer loop
      vertex 161.4 91.4 10.4
      vertex 156.68 91.4 7.4
      vertex 156.68 91.4 10.4
    endloop
  endfacet
  facet normal 0 1 -0
    outer loop
      vertex 161.4 91.4 2.4
      vertex 156.68 91.4 7.4
      vertex 161.4 91.4 10.4
    endloop
  endfacet
  facet normal 0 1 0
    outer loop
      vertex 153.4 91.4 2.4
      vertex 156.68 91.4 7.4
      vertex 161.4 91.4 2.4
    endloop
  endfacet
  facet normal 0 1 0
    outer loop
      vertex 156.68 91.4 7.4
      vertex 153.4 91.4 2.4
      vertex 153.4 91.4 7.4
    endloop
  endfacet
  facet normal -1 0 0
    outer loop
      vertex 80.4 2.4 4.4
      vertex 80.4 88.4 27.4
      vertex 80.4 88.4 4.4
    endloop
  endfacet
  facet normal -1 -0 0
    outer loop
      vertex 80.4 88.4 27.4
      vertex 80.4 2.4 4.4
      vertex 80.4 2.4 27.4
    endloop
  endfacet
  facet normal 1 -0 0
    outer loop
      vertex 82.4 2.4 27.4
      vertex 82.4 88.4 4.4
      vertex 82.4 88.4 27.4
    endloop
  endfacet
  facet normal 1 0 0
    outer loop
      vertex 82.4 88.4 4.4
      vertex 82.4 2.4 27.4
      vertex 82.4 2.4 4.4
    endloop
  endfacet
  facet normal 0 0 -1
    outer loop
      vertex 80.4 2.4 4.4
      vertex 82.4 88.4 4.4
      vertex 82.4 2.4 4.4
    endloop
  endfacet
  facet normal -0 0 -1
    outer loop
      vertex 82.4 88.4 4.4
      vertex 80.4 2.4 4.4
      vertex 80.4 88.4 4.4
    endloop
  endfacet
  facet normal 1 -0 0
    outer loop
      vertex 107.35 88.4 11.8
      vertex 107.35 90.8 7.4
      vertex 107.35 90.8 11.8
    endloop
  endfacet
  facet normal 1 0 0
    outer loop
      vertex 107.35 90.8 7.4
      vertex 107.35 88.4 11.8
      vertex 107.35 88.4 7.4
    endloop
  endfacet
  facet normal 0 0 -1
    outer loop
      vertex 107.35 88.4 11.8
      vertex 119.7 90.8 11.8
      vertex 119.7 88.4 11.8
    endloop
  endfacet
  facet normal -0 0 -1
    outer loop
      vertex 119.7 90.8 11.8
      vertex 107.35 88.4 11.8
      vertex 107.35 90.8 11.8
    endloop
  endfacet
  facet normal -0 0 1
    outer loop
      vertex 107.35 90.8 7.4
      vertex 119.7 88.4 7.4
      vertex 119.7 90.8 7.4
    endloop
  endfacet
  facet normal 0 0 1
    outer loop
      vertex 119.7 88.4 7.4
      vertex 107.35 90.8 7.4
      vertex 107.35 88.4 7.4
    endloop
  endfacet
  facet normal -1 0 0
    outer loop
      vertex 119.7 88.4 7.4
      vertex 119.7 90.8 11.8
      vertex 119.7 90.8 7.4
    endloop
  endfacet
  facet normal -1 -0 0
    outer loop
      vertex 119.7 90.8 11.8
      vertex 119.7 88.4 7.4
      vertex 119.7 88.4 11.8
    endloop
  endfacet
  facet normal 1 -0 0
    outer loop
      vertex 127.36 88.4 11.8
      vertex 127.36 90.8 7.4
      vertex 127.36 90.8 11.8
    endloop
  endfacet
  facet normal 1 0 0
    outer loop
      vertex 127.36 90.8 7.4
      vertex 127.36 88.4 11.8
      vertex 127.36 88.4 7.4
    endloop
  endfacet
  facet normal 0 0 -1
    outer loop
      vertex 127.36 88.4 11.8
      vertex 136.36 90.8 11.8
      vertex 136.36 88.4 11.8
    endloop
  endfacet
  facet normal -0 0 -1
    outer loop
      vertex 136.36 90.8 11.8
      vertex 127.36 88.4 11.8
      vertex 127.36 90.8 11.8
    endloop
  endfacet
  facet normal -1 0 0
    outer loop
      vertex 136.36 88.4 7.4
      vertex 136.36 90.8 11.8
      vertex 136.36 90.8 7.4
    endloop
  endfacet
  facet normal -1 -0 0
    outer loop
      vertex 136.36 90.8 11.8
      vertex 136.36 88.4 7.4
      vertex 136.36 88.4 11.8
    endloop
  endfacet
  facet normal -0 0 1
    outer loop
      vertex 127.36 90.8 7.4
      vertex 136.36 88.4 7.4
      vertex 136.36 90.8 7.4
    endloop
  endfacet
  facet normal 0 0 1
    outer loop
      vertex 136.36 88.4 7.4
      vertex 127.36 90.8 7.4
      vertex 127.36 88.4 7.4
    endloop
  endfacet
  facet normal 1 -0 0
    outer loop
      vertex 137.47 88.4 11.8
      vertex 137.47 90.8 7.4
      vertex 137.47 90.8 11.8
    endloop
  endfacet
  facet normal 1 0 0
    outer loop
      vertex 137.47 90.8 7.4
      vertex 137.47 88.4 11.8
      vertex 137.47 88.4 7.4
    endloop
  endfacet
  facet normal 0 0 -1
    outer loop
      vertex 137.47 88.4 11.8
      vertex 146.47 90.8 11.8
      vertex 146.47 88.4 11.8
    endloop
  endfacet
  facet normal -0 0 -1
    outer loop
      vertex 146.47 90.8 11.8
      vertex 137.47 88.4 11.8
      vertex 137.47 90.8 11.8
    endloop
  endfacet
  facet normal -1 0 0
    outer loop
      vertex 146.47 88.4 7.4
      vertex 146.47 90.8 11.8
      vertex 146.47 90.8 7.4
    endloop
  endfacet
  facet normal -1 -0 0
    outer loop
      vertex 146.47 90.8 11.8
      vertex 146.47 88.4 7.4
      vertex 146.47 88.4 11.8
    endloop
  endfacet
  facet normal -0 0 1
    outer loop
      vertex 137.47 90.8 7.4
      vertex 146.47 88.4 7.4
      vertex 146.47 90.8 7.4
    endloop
  endfacet
  facet normal 0 0 1
    outer loop
      vertex 146.47 88.4 7.4
      vertex 137.47 90.8 7.4
      vertex 137.47 88.4 7.4
    endloop
  endfacet
  facet normal 1 -0 0
    outer loop
      vertex 147.68 88.4 11.8
      vertex 147.68 90.8 7.4
      vertex 147.68 90.8 11.8
    endloop
  endfacet
  facet normal 1 0 0
    outer loop
      vertex 147.68 90.8 7.4
      vertex 147.68 88.4 11.8
      vertex 147.68 88.4 7.4
    endloop
  endfacet
  facet normal 0 0 -1
    outer loop
      vertex 156.4 88.4 11.8
      vertex 156.68 90.8 11.8
      vertex 156.68 88.3724 11.8
    endloop
  endfacet
  facet normal 0 0 -1
    outer loop
      vertex 147.68 90.8 11.8
      vertex 156.4 88.4 11.8
      vertex 147.68 88.4 11.8
    endloop
  endfacet
  facet normal 0 0 -1
    outer loop
      vertex 156.4 88.4 11.8
      vertex 147.68 90.8 11.8
      vertex 156.68 90.8 11.8
    endloop
  endfacet
  facet normal -1 0 0
    outer loop
      vertex 156.68 91.4 7.4
      vertex 156.68 90.8 10.4
      vertex 156.68 91.4 10.4
    endloop
  endfacet
  facet normal -1 0 0
    outer loop
      vertex 156.68 90.8 10.4
      vertex 156.68 88.3724 10.4
      vertex 156.68 90.8 11.8
    endloop
  endfacet
  facet normal -1 0 0
    outer loop
      vertex 156.68 91.4 7.4
      vertex 156.68 88.3724 10.4
      vertex 156.68 90.8 10.4
    endloop
  endfacet
  facet normal -1 0 0
    outer loop
      vertex 156.68 85.1 7.4
      vertex 156.68 88.3724 10.4
      vertex 156.68 91.4 7.4
    endloop
  endfacet
  facet normal -1 -0 0
    outer loop
      vertex 156.68 88.3724 10.4
      vertex 156.68 85.1 7.4
      vertex 156.68 85.1 10.4
    endloop
  endfacet
  facet normal -1 -0 0
    outer loop
      vertex 156.68 90.8 11.8
      vertex 156.68 88.3724 10.4
      vertex 156.68 88.3724 11.8
    endloop
  endfacet
  facet normal -0 0 1
    outer loop
      vertex 147.68 90.8 7.4
      vertex 153.4 88.4 7.4
      vertex 153.4 90.8 7.4
    endloop
  endfacet
  facet normal 0 0 1
    outer loop
      vertex 153.4 88.4 7.4
      vertex 147.68 90.8 7.4
      vertex 147.68 88.4 7.4
    endloop
  endfacet
  facet normal 0 0 1
    outer loop
      vertex 153.4 90.8 7.4
      vertex 156.68 91.4 7.4
      vertex 153.4 91.4 7.4
    endloop
  endfacet
  facet normal 0 0 1
    outer loop
      vertex 153.4 88.4 7.4
      vertex 156.68 91.4 7.4
      vertex 153.4 90.8 7.4
    endloop
  endfacet
  facet normal 0 0 1
    outer loop
      vertex 156.68 91.4 7.4
      vertex 153.4 88.4 7.4
      vertex 156.68 85.1 7.4
    endloop
  endfacet
  facet normal 0 0 1
    outer loop
      vertex 156.68 85.1 7.4
      vertex 153.4 88.4 7.4
      vertex 153.4 85.1 7.4
    endloop
  endfacet
  facet normal 0 1 -0
    outer loop
      vertex 156.68 85.1 7.4
      vertex 153.4 85.1 10.4
      vertex 156.68 85.1 10.4
    endloop
  endfacet
  facet normal 0 1 0
    outer loop
      vertex 153.4 85.1 10.4
      vertex 156.68 85.1 7.4
      vertex 153.4 85.1 7.4
    endloop
  endfacet
  facet normal 1 -0 0
    outer loop
      vertex 126.36 0 11.8
      vertex 126.36 2.4 7.4
      vertex 126.36 2.4 11.8
    endloop
  endfacet
  facet normal 1 0 0
    outer loop
      vertex 126.36 2.4 7.4
      vertex 126.36 0 11.8
      vertex 126.36 0 7.4
    endloop
  endfacet
  facet normal 0 0 -1
    outer loop
      vertex 126.36 0 11.8
      vertex 137.36 2.4 11.8
      vertex 137.36 0 11.8
    endloop
  endfacet
  facet normal -0 0 -1
    outer loop
      vertex 137.36 2.4 11.8
      vertex 126.36 0 11.8
      vertex 126.36 2.4 11.8
    endloop
  endfacet
  facet normal -1 0 0
    outer loop
      vertex 137.36 0 7.4
      vertex 137.36 2.4 11.8
      vertex 137.36 2.4 7.4
    endloop
  endfacet
  facet normal -1 -0 0
    outer loop
      vertex 137.36 2.4 11.8
      vertex 137.36 0 7.4
      vertex 137.36 0 11.8
    endloop
  endfacet
  facet normal -0 0 1
    outer loop
      vertex 126.36 2.4 7.4
      vertex 137.36 0 7.4
      vertex 137.36 2.4 7.4
    endloop
  endfacet
  facet normal 0 0 1
    outer loop
      vertex 137.36 0 7.4
      vertex 126.36 2.4 7.4
      vertex 126.36 0 7.4
    endloop
  endfacet
  facet normal 1 -0 0
    outer loop
      vertex 145.26 0 11.8
      vertex 145.26 2.4 7.4
      vertex 145.26 2.4 11.8
    endloop
  endfacet
  facet normal 1 0 0
    outer loop
      vertex 145.26 2.4 7.4
      vertex 145.26 0 11.8
      vertex 145.26 0 7.4
    endloop
  endfacet
  facet normal 0 0 -1
    outer loop
      vertex 145.26 0 11.8
      vertex 156.26 2.4 11.8
      vertex 156.26 0 11.8
    endloop
  endfacet
  facet normal -0 0 -1
    outer loop
      vertex 156.26 2.4 11.8
      vertex 145.26 0 11.8
      vertex 145.26 2.4 11.8
    endloop
  endfacet
  facet normal -1 0 0
    outer loop
      vertex 156.26 7.4 7.4
      vertex 156.26 2.4 10.4
      vertex 156.26 7.4 10.4
    endloop
  endfacet
  facet normal -1 0 0
    outer loop
      vertex 156.26 2.4 10.4
      vertex 156.26 0 10.4
      vertex 156.26 2.4 11.8
    endloop
  endfacet
  facet normal -1 0 0
    outer loop
      vertex 156.26 -0.599999 7.4
      vertex 156.26 2.4 10.4
      vertex 156.26 7.4 7.4
    endloop
  endfacet
  facet normal -1 -0 0
    outer loop
      vertex 156.26 2.4 10.4
      vertex 156.26 -0.599999 7.4
      vertex 156.26 0 10.4
    endloop
  endfacet
  facet normal -1 -0 0
    outer loop
      vertex 156.26 0 10.4
      vertex 156.26 -0.599999 7.4
      vertex 156.26 -0.599999 10.4
    endloop
  endfacet
  facet normal -1 -0 0
    outer loop
      vertex 156.26 2.4 11.8
      vertex 156.26 0 10.4
      vertex 156.26 0 11.8
    endloop
  endfacet
  facet normal -0 0 1
    outer loop
      vertex 145.26 2.4 7.4
      vertex 153.4 0 7.4
      vertex 153.4 2.4 7.4
    endloop
  endfacet
  facet normal 0 0 1
    outer loop
      vertex 153.4 0 7.4
      vertex 145.26 2.4 7.4
      vertex 145.26 0 7.4
    endloop
  endfacet
  facet normal 0 0 1
    outer loop
      vertex 153.4 2.4 7.4
      vertex 156.26 7.4 7.4
      vertex 153.4 7.4 7.4
    endloop
  endfacet
  facet normal 0 0 1
    outer loop
      vertex 156.26 7.4 7.4
      vertex 153.4 2.4 7.4
      vertex 156.26 -0.599999 7.4
    endloop
  endfacet
  facet normal -0 0 1
    outer loop
      vertex 153.4 0 7.4
      vertex 156.26 -0.599999 7.4
      vertex 153.4 2.4 7.4
    endloop
  endfacet
  facet normal 0 0 1
    outer loop
      vertex 156.26 -0.599999 7.4
      vertex 153.4 0 7.4
      vertex 153.4 -0.599999 7.4
    endloop
  endfacet
  facet normal 1 -0 0
    outer loop
      vertex 53.2 0 11.8
      vertex 53.2 2.4 7.4
      vertex 53.2 2.4 11.8
    endloop
  endfacet
  facet normal 1 0 0
    outer loop
      vertex 53.2 2.4 7.4
      vertex 53.2 0 11.8
      vertex 53.2 0 7.4
    endloop
  endfacet
  facet normal 0 0 -1
    outer loop
      vertex 53.2 0 11.8
      vertex 70.2 2.4 11.8
      vertex 70.2 0 11.8
    endloop
  endfacet
  facet normal -0 0 -1
    outer loop
      vertex 70.2 2.4 11.8
      vertex 53.2 0 11.8
      vertex 53.2 2.4 11.8
    endloop
  endfacet
  facet normal -1 0 0
    outer loop
      vertex 70.2 0 7.4
      vertex 70.2 2.4 11.8
      vertex 70.2 2.4 7.4
    endloop
  endfacet
  facet normal -1 -0 0
    outer loop
      vertex 70.2 2.4 11.8
      vertex 70.2 0 7.4
      vertex 70.2 0 11.8
    endloop
  endfacet
  facet normal -0 0 1
    outer loop
      vertex 53.2 2.4 7.4
      vertex 70.2 0 7.4
      vertex 70.2 2.4 7.4
    endloop
  endfacet
  facet normal 0 0 1
    outer loop
      vertex 70.2 0 7.4
      vertex 53.2 2.4 7.4
      vertex 53.2 0 7.4
    endloop
  endfacet
  facet normal 1 -0 0
    outer loop
      vertex 84.04 0 11.8
      vertex 84.04 2.4 7.4
      vertex 84.04 2.4 11.8
    endloop
  endfacet
  facet normal 1 0 0
    outer loop
      vertex 84.04 2.4 7.4
      vertex 84.04 0 11.8
      vertex 84.04 0 7.4
    endloop
  endfacet
  facet normal 0 0 -1
    outer loop
      vertex 84.04 0 11.8
      vertex 99.04 2.4 11.8
      vertex 99.04 0 11.8
    endloop
  endfacet
  facet normal -0 0 -1
    outer loop
      vertex 99.04 2.4 11.8
      vertex 84.04 0 11.8
      vertex 84.04 2.4 11.8
    endloop
  endfacet
  facet normal -1 0 0
    outer loop
      vertex 99.04 0 7.4
      vertex 99.04 2.4 11.8
      vertex 99.04 2.4 7.4
    endloop
  endfacet
  facet normal -1 -0 0
    outer loop
      vertex 99.04 2.4 11.8
      vertex 99.04 0 7.4
      vertex 99.04 0 11.8
    endloop
  endfacet
  facet normal -0 0 1
    outer loop
      vertex 84.04 2.4 7.4
      vertex 99.04 0 7.4
      vertex 99.04 2.4 7.4
    endloop
  endfacet
  facet normal 0 0 1
    outer loop
      vertex 99.04 0 7.4
      vertex 84.04 2.4 7.4
      vertex 84.04 0 7.4
    endloop
  endfacet
  facet normal 0 -1 0
    outer loop
      vertex 0 27.72 7.4
      vertex 2.4 27.72 11.8
      vertex 0 27.72 11.8
    endloop
  endfacet
  facet normal 0 -1 -0
    outer loop
      vertex 2.4 27.72 11.8
      vertex 0 27.72 7.4
      vertex 2.4 27.72 7.4
    endloop
  endfacet
  facet normal 0 0 -1
    outer loop
      vertex 0 10.72 11.8
      vertex 2.4 27.72 11.8
      vertex 2.4 10.72 11.8
    endloop
  endfacet
  facet normal -0 0 -1
    outer loop
      vertex 2.4 27.72 11.8
      vertex 0 10.72 11.8
      vertex 0 27.72 11.8
    endloop
  endfacet
  facet normal 0 1 -0
    outer loop
      vertex 2.4 10.72 7.4
      vertex 0 10.72 11.8
      vertex 2.4 10.72 11.8
    endloop
  endfacet
  facet normal 0 1 0
    outer loop
      vertex 0 10.72 11.8
      vertex 2.4 10.72 7.4
      vertex 0 10.72 7.4
    endloop
  endfacet
  facet normal -0 0 1
    outer loop
      vertex 0 27.72 7.4
      vertex 2.4 10.72 7.4
      vertex 2.4 27.72 7.4
    endloop
  endfacet
  facet normal 0 0 1
    outer loop
      vertex 2.4 10.72 7.4
      vertex 0 27.72 7.4
      vertex 0 10.72 7.4
    endloop
  endfacet
  facet normal 1 -0 0
    outer loop
      vertex 83.19 88.4 16.8
      vertex 83.19 90.8 12.4
      vertex 83.19 90.8 16.8
    endloop
  endfacet
  facet normal 1 0 0
    outer loop
      vertex 83.19 90.8 12.4
      vertex 83.19 88.4 16.8
      vertex 83.19 88.4 12.4
    endloop
  endfacet
  facet normal 0 0 -1
    outer loop
      vertex 83.19 88.4 16.8
      vertex 114.19 90.8 16.8
      vertex 114.19 88.4 16.8
    endloop
  endfacet
  facet normal -0 0 -1
    outer loop
      vertex 114.19 90.8 16.8
      vertex 83.19 88.4 16.8
      vertex 83.19 90.8 16.8
    endloop
  endfacet
  facet normal -1 0 0
    outer loop
      vertex 114.19 88.4 12.4
      vertex 114.19 90.8 16.8
      vertex 114.19 90.8 12.4
    endloop
  endfacet
  facet normal -1 -0 0
    outer loop
      vertex 114.19 90.8 16.8
      vertex 114.19 88.4 12.4
      vertex 114.19 88.4 16.8
    endloop
  endfacet
  facet normal -0 0 1
    outer loop
      vertex 83.19 90.8 12.4
      vertex 114.19 88.4 12.4
      vertex 114.19 90.8 12.4
    endloop
  endfacet
  facet normal 0 0 1
    outer loop
      vertex 114.19 88.4 12.4
      vertex 83.19 90.8 12.4
      vertex 83.19 88.4 12.4
    endloop
  endfacet
  facet normal -0.991445 0 -0.130528
    outer loop
      vertex 44.2 88.4 17.4
      vertex 44.0637 90.8 18.4353
      vertex 44.2 90.8 17.4
    endloop
  endfacet
  facet normal -0.991445 -0 -0.130528
    outer loop
      vertex 44.0637 90.8 18.4353
      vertex 44.2 88.4 17.4
      vertex 44.0637 88.4 18.4353
    endloop
  endfacet
  facet normal -0.382682 0 -0.92388
    outer loop
      vertex 41.2353 88.4 21.2637
      vertex 42.2 90.8 20.8641
      vertex 42.2 88.4 20.8641
    endloop
  endfacet
  facet normal -0.382682 0 -0.92388
    outer loop
      vertex 42.2 90.8 20.8641
      vertex 41.2353 88.4 21.2637
      vertex 41.2353 90.8 21.2637
    endloop
  endfacet
  facet normal 0.382683 0 0.92388
    outer loop
      vertex 38.2 90.8 13.9359
      vertex 39.1647 88.4 13.5363
      vertex 39.1647 90.8 13.5363
    endloop
  endfacet
  facet normal 0.382683 0 0.92388
    outer loop
      vertex 39.1647 88.4 13.5363
      vertex 38.2 90.8 13.9359
      vertex 38.2 88.4 13.9359
    endloop
  endfacet
  facet normal -0.92388 0 -0.382683
    outer loop
      vertex 44.0637 88.4 18.4353
      vertex 43.6641 90.8 19.4
      vertex 44.0637 90.8 18.4353
    endloop
  endfacet
  facet normal -0.92388 -0 -0.382683
    outer loop
      vertex 43.6641 90.8 19.4
      vertex 44.0637 88.4 18.4353
      vertex 43.6641 88.4 19.4
    endloop
  endfacet
  facet normal -0.130527 0 -0.991445
    outer loop
      vertex 40.2 88.4 21.4
      vertex 41.2353 90.8 21.2637
      vertex 41.2353 88.4 21.2637
    endloop
  endfacet
  facet normal -0.130527 0 -0.991445
    outer loop
      vertex 41.2353 90.8 21.2637
      vertex 40.2 88.4 21.4
      vertex 40.2 90.8 21.4
    endloop
  endfacet
  facet normal 0.382682 0 -0.92388
    outer loop
      vertex 38.2 88.4 20.8641
      vertex 39.1647 90.8 21.2637
      vertex 39.1647 88.4 21.2637
    endloop
  endfacet
  facet normal 0.382682 0 -0.92388
    outer loop
      vertex 39.1647 90.8 21.2637
      vertex 38.2 88.4 20.8641
      vertex 38.2 90.8 20.8641
    endloop
  endfacet
  facet normal 0.608762 0 -0.793353
    outer loop
      vertex 37.3716 88.4 20.2284
      vertex 38.2 90.8 20.8641
      vertex 38.2 88.4 20.8641
    endloop
  endfacet
  facet normal 0.608762 0 -0.793353
    outer loop
      vertex 38.2 90.8 20.8641
      vertex 37.3716 88.4 20.2284
      vertex 37.3716 90.8 20.2284
    endloop
  endfacet
  facet normal -0.608762 0 0.793353
    outer loop
      vertex 42.2 90.8 13.9359
      vertex 43.0284 88.4 14.5716
      vertex 43.0284 90.8 14.5716
    endloop
  endfacet
  facet normal -0.608762 0 0.793353
    outer loop
      vertex 43.0284 88.4 14.5716
      vertex 42.2 90.8 13.9359
      vertex 42.2 88.4 13.9359
    endloop
  endfacet
  facet normal 0.608762 0 0.793353
    outer loop
      vertex 37.3716 90.8 14.5716
      vertex 38.2 88.4 13.9359
      vertex 38.2 90.8 13.9359
    endloop
  endfacet
  facet normal 0.608762 0 0.793353
    outer loop
      vertex 38.2 88.4 13.9359
      vertex 37.3716 90.8 14.5716
      vertex 37.3716 88.4 14.5716
    endloop
  endfacet
  facet normal -0.793354 0 -0.608761
    outer loop
      vertex 43.6641 88.4 19.4
      vertex 43.0284 90.8 20.2284
      vertex 43.6641 90.8 19.4
    endloop
  endfacet
  facet normal -0.793354 -0 -0.608761
    outer loop
      vertex 43.0284 90.8 20.2284
      vertex 43.6641 88.4 19.4
      vertex 43.0284 88.4 20.2284
    endloop
  endfacet
  facet normal -0.608762 0 -0.793353
    outer loop
      vertex 42.2 88.4 20.8641
      vertex 43.0284 90.8 20.2284
      vertex 43.0284 88.4 20.2284
    endloop
  endfacet
  facet normal -0.608762 0 -0.793353
    outer loop
      vertex 43.0284 90.8 20.2284
      vertex 42.2 88.4 20.8641
      vertex 42.2 90.8 20.8641
    endloop
  endfacet
  facet normal 0.991445 0 -0.130525
    outer loop
      vertex 36.3363 88.4 18.4353
      vertex 36.2 90.8 17.4
      vertex 36.3363 90.8 18.4353
    endloop
  endfacet
  facet normal 0.991445 0 -0.130525
    outer loop
      vertex 36.2 90.8 17.4
      vertex 36.3363 88.4 18.4353
      vertex 36.2 88.4 17.4
    endloop
  endfacet
  facet normal 0.793354 0 -0.608761
    outer loop
      vertex 37.3716 88.4 20.2284
      vertex 36.7359 90.8 19.4
      vertex 37.3716 90.8 20.2284
    endloop
  endfacet
  facet normal 0.793354 0 -0.608761
    outer loop
      vertex 36.7359 90.8 19.4
      vertex 37.3716 88.4 20.2284
      vertex 36.7359 88.4 19.4
    endloop
  endfacet
  facet normal 0.130527 0 -0.991445
    outer loop
      vertex 39.1647 88.4 21.2637
      vertex 40.2 90.8 21.4
      vertex 40.2 88.4 21.4
    endloop
  endfacet
  facet normal 0.130527 0 -0.991445
    outer loop
      vertex 40.2 90.8 21.4
      vertex 39.1647 88.4 21.2637
      vertex 39.1647 90.8 21.2637
    endloop
  endfacet
  facet normal -0.92388 0 0.382682
    outer loop
      vertex 43.6641 88.4 15.4
      vertex 44.0637 90.8 16.3647
      vertex 43.6641 90.8 15.4
    endloop
  endfacet
  facet normal -0.92388 0 0.382682
    outer loop
      vertex 44.0637 90.8 16.3647
      vertex 43.6641 88.4 15.4
      vertex 44.0637 88.4 16.3647
    endloop
  endfacet
  facet normal -0.130527 0 0.991445
    outer loop
      vertex 40.2 90.8 13.4
      vertex 41.2353 88.4 13.5363
      vertex 41.2353 90.8 13.5363
    endloop
  endfacet
  facet normal -0.130527 0 0.991445
    outer loop
      vertex 41.2353 88.4 13.5363
      vertex 40.2 90.8 13.4
      vertex 40.2 88.4 13.4
    endloop
  endfacet
  facet normal -0.382683 0 0.92388
    outer loop
      vertex 41.2353 90.8 13.5363
      vertex 42.2 88.4 13.9359
      vertex 42.2 90.8 13.9359
    endloop
  endfacet
  facet normal -0.382683 0 0.92388
    outer loop
      vertex 42.2 88.4 13.9359
      vertex 41.2353 90.8 13.5363
      vertex 41.2353 88.4 13.5363
    endloop
  endfacet
  facet normal 0.130527 0 0.991445
    outer loop
      vertex 39.1647 90.8 13.5363
      vertex 40.2 88.4 13.4
      vertex 40.2 90.8 13.4
    endloop
  endfacet
  facet normal 0.130527 0 0.991445
    outer loop
      vertex 40.2 88.4 13.4
      vertex 39.1647 90.8 13.5363
      vertex 39.1647 88.4 13.5363
    endloop
  endfacet
  facet normal 0.793354 -0 0.608761
    outer loop
      vertex 36.7359 88.4 15.4
      vertex 37.3716 90.8 14.5716
      vertex 36.7359 90.8 15.4
    endloop
  endfacet
  facet normal 0.793354 0 0.608761
    outer loop
      vertex 37.3716 90.8 14.5716
      vertex 36.7359 88.4 15.4
      vertex 37.3716 88.4 14.5716
    endloop
  endfacet
  facet normal 0.991445 -0 0.130525
    outer loop
      vertex 36.2 88.4 17.4
      vertex 36.3363 90.8 16.3647
      vertex 36.2 90.8 17.4
    endloop
  endfacet
  facet normal 0.991445 0 0.130525
    outer loop
      vertex 36.3363 90.8 16.3647
      vertex 36.2 88.4 17.4
      vertex 36.3363 88.4 16.3647
    endloop
  endfacet
  facet normal 0.923878 0 -0.382686
    outer loop
      vertex 36.7359 88.4 19.4
      vertex 36.3363 90.8 18.4353
      vertex 36.7359 90.8 19.4
    endloop
  endfacet
  facet normal 0.923878 0 -0.382686
    outer loop
      vertex 36.3363 90.8 18.4353
      vertex 36.7359 88.4 19.4
      vertex 36.3363 88.4 18.4353
    endloop
  endfacet
  facet normal -0.991445 0 0.130529
    outer loop
      vertex 44.0637 88.4 16.3647
      vertex 44.2 90.8 17.4
      vertex 44.0637 90.8 16.3647
    endloop
  endfacet
  facet normal -0.991445 0 0.130529
    outer loop
      vertex 44.2 90.8 17.4
      vertex 44.0637 88.4 16.3647
      vertex 44.2 88.4 17.4
    endloop
  endfacet
  facet normal -0.793354 0 0.608761
    outer loop
      vertex 43.0284 88.4 14.5716
      vertex 43.6641 90.8 15.4
      vertex 43.0284 90.8 14.5716
    endloop
  endfacet
  facet normal -0.793354 0 0.608761
    outer loop
      vertex 43.6641 90.8 15.4
      vertex 43.0284 88.4 14.5716
      vertex 43.6641 88.4 15.4
    endloop
  endfacet
  facet normal 0.923879 -0 0.382686
    outer loop
      vertex 36.3363 88.4 16.3647
      vertex 36.7359 90.8 15.4
      vertex 36.3363 90.8 16.3647
    endloop
  endfacet
  facet normal 0.923879 0 0.382686
    outer loop
      vertex 36.7359 90.8 15.4
      vertex 36.3363 88.4 16.3647
      vertex 36.7359 88.4 15.4
    endloop
  endfacet
  facet normal 0.923881 -0 0.382679
    outer loop
      vertex 38.2682 88.4 22.8824
      vertex 38.4679 90.8 22.4
      vertex 38.2682 90.8 22.8824
    endloop
  endfacet
  facet normal 0.923881 0 0.382679
    outer loop
      vertex 38.4679 90.8 22.4
      vertex 38.2682 88.4 22.8824
      vertex 38.4679 88.4 22.4
    endloop
  endfacet
  facet normal -1 0 0
    outer loop
      vertex 42.2 88.4 23.4
      vertex 42.2 90.8 27.4
      vertex 42.2 90.8 23.4
    endloop
  endfacet
  facet normal -1 -0 0
    outer loop
      vertex 42.2 90.8 27.4
      vertex 42.2 88.4 23.4
      vertex 42.2 88.4 27.4
    endloop
  endfacet
  facet normal -0.382684 0 0.923879
    outer loop
      vertex 40.7176 90.8 21.4681
      vertex 41.2 88.4 21.6679
      vertex 41.2 90.8 21.6679
    endloop
  endfacet
  facet normal -0.382684 0 0.923879
    outer loop
      vertex 41.2 88.4 21.6679
      vertex 40.7176 90.8 21.4681
      vertex 40.7176 88.4 21.4681
    endloop
  endfacet
  facet normal 0.130525 0 0.991445
    outer loop
      vertex 39.6824 90.8 21.4681
      vertex 40.2 88.4 21.4
      vertex 40.2 90.8 21.4
    endloop
  endfacet
  facet normal 0.130525 0 0.991445
    outer loop
      vertex 40.2 88.4 21.4
      vertex 39.6824 90.8 21.4681
      vertex 39.6824 88.4 21.4681
    endloop
  endfacet
  facet normal 0.608759 0 0.793355
    outer loop
      vertex 38.7858 90.8 21.9858
      vertex 39.2 88.4 21.6679
      vertex 39.2 90.8 21.6679
    endloop
  endfacet
  facet normal 0.608759 0 0.793355
    outer loop
      vertex 39.2 88.4 21.6679
      vertex 38.7858 90.8 21.9858
      vertex 38.7858 88.4 21.9858
    endloop
  endfacet
  facet normal -0.130526 0 0.991445
    outer loop
      vertex 40.2 90.8 21.4
      vertex 40.7176 88.4 21.4681
      vertex 40.7176 90.8 21.4681
    endloop
  endfacet
  facet normal -0.130526 0 0.991445
    outer loop
      vertex 40.7176 88.4 21.4681
      vertex 40.2 90.8 21.4
      vertex 40.2 88.4 21.4
    endloop
  endfacet
  facet normal 0.793354 -0 0.608761
    outer loop
      vertex 38.4679 88.4 22.4
      vertex 38.7858 90.8 21.9858
      vertex 38.4679 90.8 22.4
    endloop
  endfacet
  facet normal 0.793354 0 0.608761
    outer loop
      vertex 38.7858 90.8 21.9858
      vertex 38.4679 88.4 22.4
      vertex 38.7858 88.4 21.9858
    endloop
  endfacet
  facet normal 1 -0 0
    outer loop
      vertex 38.2 88.4 27.4
      vertex 38.2 90.8 23.4
      vertex 38.2 90.8 27.4
    endloop
  endfacet
  facet normal 1 0 0
    outer loop
      vertex 38.2 90.8 23.4
      vertex 38.2 88.4 27.4
      vertex 38.2 88.4 23.4
    endloop
  endfacet
  facet normal -0.991445 0 0.130529
    outer loop
      vertex 42.1319 88.4 22.8824
      vertex 42.2 90.8 23.4
      vertex 42.1319 90.8 22.8824
    endloop
  endfacet
  facet normal -0.991445 0 0.130529
    outer loop
      vertex 42.2 90.8 23.4
      vertex 42.1319 88.4 22.8824
      vertex 42.2 88.4 23.4
    endloop
  endfacet
  facet normal -0.608763 0 0.793352
    outer loop
      vertex 41.2 90.8 21.6679
      vertex 41.6142 88.4 21.9858
      vertex 41.6142 90.8 21.9858
    endloop
  endfacet
  facet normal -0.608763 0 0.793352
    outer loop
      vertex 41.6142 88.4 21.9858
      vertex 41.2 90.8 21.6679
      vertex 41.2 88.4 21.6679
    endloop
  endfacet
  facet normal -0.793354 0 0.608761
    outer loop
      vertex 41.6142 88.4 21.9858
      vertex 41.932 90.8 22.4
      vertex 41.6142 90.8 21.9858
    endloop
  endfacet
  facet normal -0.793354 0 0.608761
    outer loop
      vertex 41.932 90.8 22.4
      vertex 41.6142 88.4 21.9858
      vertex 41.932 88.4 22.4
    endloop
  endfacet
  facet normal 0.991445 -0 0.130529
    outer loop
      vertex 38.2 88.4 23.4
      vertex 38.2682 90.8 22.8824
      vertex 38.2 90.8 23.4
    endloop
  endfacet
  facet normal 0.991445 0 0.130529
    outer loop
      vertex 38.2682 90.8 22.8824
      vertex 38.2 88.4 23.4
      vertex 38.2682 88.4 22.8824
    endloop
  endfacet
  facet normal -0.923879 0 0.382685
    outer loop
      vertex 41.932 88.4 22.4
      vertex 42.1319 90.8 22.8824
      vertex 41.932 90.8 22.4
    endloop
  endfacet
  facet normal -0.923879 0 0.382685
    outer loop
      vertex 42.1319 90.8 22.8824
      vertex 41.932 88.4 22.4
      vertex 42.1319 88.4 22.8824
    endloop
  endfacet
  facet normal 0.382687 0 0.923878
    outer loop
      vertex 39.2 90.8 21.6679
      vertex 39.6824 88.4 21.4681
      vertex 39.6824 90.8 21.4681
    endloop
  endfacet
  facet normal 0.382687 0 0.923878
    outer loop
      vertex 39.6824 88.4 21.4681
      vertex 39.2 90.8 21.6679
      vertex 39.2 88.4 21.6679
    endloop
  endfacet
  facet normal -0.991445 0 -0.130528
    outer loop
      vertex 124.6 88.4 17.4
      vertex 124.464 90.8 18.4353
      vertex 124.6 90.8 17.4
    endloop
  endfacet
  facet normal -0.991445 -0 -0.130528
    outer loop
      vertex 124.464 90.8 18.4353
      vertex 124.6 88.4 17.4
      vertex 124.464 88.4 18.4353
    endloop
  endfacet
  facet normal -0.382684 0 -0.923879
    outer loop
      vertex 121.635 88.4 21.2637
      vertex 122.6 90.8 20.8641
      vertex 122.6 88.4 20.8641
    endloop
  endfacet
  facet normal -0.382684 0 -0.923879
    outer loop
      vertex 122.6 90.8 20.8641
      vertex 121.635 88.4 21.2637
      vertex 121.635 90.8 21.2637
    endloop
  endfacet
  facet normal 0.382682 0 0.92388
    outer loop
      vertex 118.6 90.8 13.9359
      vertex 119.565 88.4 13.5363
      vertex 119.565 90.8 13.5363
    endloop
  endfacet
  facet normal 0.382682 0 0.92388
    outer loop
      vertex 119.565 88.4 13.5363
      vertex 118.6 90.8 13.9359
      vertex 118.6 88.4 13.9359
    endloop
  endfacet
  facet normal -0.923881 0 -0.38268
    outer loop
      vertex 124.464 88.4 18.4353
      vertex 124.064 90.8 19.4
      vertex 124.464 90.8 18.4353
    endloop
  endfacet
  facet normal -0.923881 -0 -0.38268
    outer loop
      vertex 124.064 90.8 19.4
      vertex 124.464 88.4 18.4353
      vertex 124.064 88.4 19.4
    endloop
  endfacet
  facet normal -0.130526 0 -0.991445
    outer loop
      vertex 120.6 88.4 21.4
      vertex 121.635 90.8 21.2637
      vertex 121.635 88.4 21.2637
    endloop
  endfacet
  facet normal -0.130526 0 -0.991445
    outer loop
      vertex 121.635 90.8 21.2637
      vertex 120.6 88.4 21.4
      vertex 120.6 90.8 21.4
    endloop
  endfacet
  facet normal 0.382681 0 -0.923881
    outer loop
      vertex 118.6 88.4 20.8641
      vertex 119.565 90.8 21.2637
      vertex 119.565 88.4 21.2637
    endloop
  endfacet
  facet normal 0.382681 0 -0.923881
    outer loop
      vertex 119.565 90.8 21.2637
      vertex 118.6 88.4 20.8641
      vertex 118.6 90.8 20.8641
    endloop
  endfacet
  facet normal 0.608764 0 -0.793351
    outer loop
      vertex 117.772 88.4 20.2284
      vertex 118.6 90.8 20.8641
      vertex 118.6 88.4 20.8641
    endloop
  endfacet
  facet normal 0.608764 0 -0.793351
    outer loop
      vertex 118.6 90.8 20.8641
      vertex 117.772 88.4 20.2284
      vertex 117.772 90.8 20.2284
    endloop
  endfacet
  facet normal -0.60876 0 0.793354
    outer loop
      vertex 122.6 90.8 13.9359
      vertex 123.428 88.4 14.5716
      vertex 123.428 90.8 14.5716
    endloop
  endfacet
  facet normal -0.60876 0 0.793354
    outer loop
      vertex 123.428 88.4 14.5716
      vertex 122.6 90.8 13.9359
      vertex 122.6 88.4 13.9359
    endloop
  endfacet
  facet normal 0.608764 0 0.793352
    outer loop
      vertex 117.772 90.8 14.5716
      vertex 118.6 88.4 13.9359
      vertex 118.6 90.8 13.9359
    endloop
  endfacet
  facet normal 0.608764 0 0.793352
    outer loop
      vertex 118.6 88.4 13.9359
      vertex 117.772 90.8 14.5716
      vertex 117.772 88.4 14.5716
    endloop
  endfacet
  facet normal -0.793354 0 -0.608761
    outer loop
      vertex 124.064 88.4 19.4
      vertex 123.428 90.8 20.2284
      vertex 124.064 90.8 19.4
    endloop
  endfacet
  facet normal -0.793354 -0 -0.608761
    outer loop
      vertex 123.428 90.8 20.2284
      vertex 124.064 88.4 19.4
      vertex 123.428 88.4 20.2284
    endloop
  endfacet
  facet normal -0.608761 0 -0.793354
    outer loop
      vertex 122.6 88.4 20.8641
      vertex 123.428 90.8 20.2284
      vertex 123.428 88.4 20.2284
    endloop
  endfacet
  facet normal -0.608761 0 -0.793354
    outer loop
      vertex 123.428 90.8 20.2284
      vertex 122.6 88.4 20.8641
      vertex 122.6 90.8 20.8641
    endloop
  endfacet
  facet normal 0.991445 0 -0.130528
    outer loop
      vertex 116.736 88.4 18.4353
      vertex 116.6 90.8 17.4
      vertex 116.736 90.8 18.4353
    endloop
  endfacet
  facet normal 0.991445 0 -0.130528
    outer loop
      vertex 116.6 90.8 17.4
      vertex 116.736 88.4 18.4353
      vertex 116.6 88.4 17.4
    endloop
  endfacet
  facet normal 0.793354 0 -0.608761
    outer loop
      vertex 117.772 88.4 20.2284
      vertex 117.136 90.8 19.4
      vertex 117.772 90.8 20.2284
    endloop
  endfacet
  facet normal 0.793354 0 -0.608761
    outer loop
      vertex 117.136 90.8 19.4
      vertex 117.772 88.4 20.2284
      vertex 117.136 88.4 19.4
    endloop
  endfacet
  facet normal 0.130527 0 -0.991445
    outer loop
      vertex 119.565 88.4 21.2637
      vertex 120.6 90.8 21.4
      vertex 120.6 88.4 21.4
    endloop
  endfacet
  facet normal 0.130527 0 -0.991445
    outer loop
      vertex 120.6 90.8 21.4
      vertex 119.565 88.4 21.2637
      vertex 119.565 90.8 21.2637
    endloop
  endfacet
  facet normal -0.923881 0 0.382679
    outer loop
      vertex 124.064 88.4 15.4
      vertex 124.464 90.8 16.3647
      vertex 124.064 90.8 15.4
    endloop
  endfacet
  facet normal -0.923881 0 0.382679
    outer loop
      vertex 124.464 90.8 16.3647
      vertex 124.064 88.4 15.4
      vertex 124.464 88.4 16.3647
    endloop
  endfacet
  facet normal -0.130526 0 0.991445
    outer loop
      vertex 120.6 90.8 13.4
      vertex 121.635 88.4 13.5363
      vertex 121.635 90.8 13.5363
    endloop
  endfacet
  facet normal -0.130526 0 0.991445
    outer loop
      vertex 121.635 88.4 13.5363
      vertex 120.6 90.8 13.4
      vertex 120.6 88.4 13.4
    endloop
  endfacet
  facet normal -0.382684 0 0.923879
    outer loop
      vertex 121.635 90.8 13.5363
      vertex 122.6 88.4 13.9359
      vertex 122.6 90.8 13.9359
    endloop
  endfacet
  facet normal -0.382684 0 0.923879
    outer loop
      vertex 122.6 88.4 13.9359
      vertex 121.635 90.8 13.5363
      vertex 121.635 88.4 13.5363
    endloop
  endfacet
  facet normal 0.130527 0 0.991445
    outer loop
      vertex 119.565 90.8 13.5363
      vertex 120.6 88.4 13.4
      vertex 120.6 90.8 13.4
    endloop
  endfacet
  facet normal 0.130527 0 0.991445
    outer loop
      vertex 120.6 88.4 13.4
      vertex 119.565 90.8 13.5363
      vertex 119.565 88.4 13.5363
    endloop
  endfacet
  facet normal 0.793354 -0 0.608761
    outer loop
      vertex 117.136 88.4 15.4
      vertex 117.772 90.8 14.5716
      vertex 117.136 90.8 15.4
    endloop
  endfacet
  facet normal 0.793354 0 0.608761
    outer loop
      vertex 117.772 90.8 14.5716
      vertex 117.136 88.4 15.4
      vertex 117.772 88.4 14.5716
    endloop
  endfacet
  facet normal 0.991445 -0 0.130529
    outer loop
      vertex 116.6 88.4 17.4
      vertex 116.736 90.8 16.3647
      vertex 116.6 90.8 17.4
    endloop
  endfacet
  facet normal 0.991445 0 0.130529
    outer loop
      vertex 116.736 90.8 16.3647
      vertex 116.6 88.4 17.4
      vertex 116.736 88.4 16.3647
    endloop
  endfacet
  facet normal 0.923878 0 -0.382686
    outer loop
      vertex 117.136 88.4 19.4
      vertex 116.736 90.8 18.4353
      vertex 117.136 90.8 19.4
    endloop
  endfacet
  facet normal 0.923878 0 -0.382686
    outer loop
      vertex 116.736 90.8 18.4353
      vertex 117.136 88.4 19.4
      vertex 116.736 88.4 18.4353
    endloop
  endfacet
  facet normal -0.991445 0 0.130529
    outer loop
      vertex 124.464 88.4 16.3647
      vertex 124.6 90.8 17.4
      vertex 124.464 90.8 16.3647
    endloop
  endfacet
  facet normal -0.991445 0 0.130529
    outer loop
      vertex 124.6 90.8 17.4
      vertex 124.464 88.4 16.3647
      vertex 124.6 88.4 17.4
    endloop
  endfacet
  facet normal -0.793354 0 0.608761
    outer loop
      vertex 123.428 88.4 14.5716
      vertex 124.064 90.8 15.4
      vertex 123.428 90.8 14.5716
    endloop
  endfacet
  facet normal -0.793354 0 0.608761
    outer loop
      vertex 124.064 90.8 15.4
      vertex 123.428 88.4 14.5716
      vertex 124.064 88.4 15.4
    endloop
  endfacet
  facet normal 0.923879 -0 0.382686
    outer loop
      vertex 116.736 88.4 16.3647
      vertex 117.136 90.8 15.4
      vertex 116.736 90.8 16.3647
    endloop
  endfacet
  facet normal 0.923879 0 0.382686
    outer loop
      vertex 117.136 90.8 15.4
      vertex 116.736 88.4 16.3647
      vertex 117.136 88.4 15.4
    endloop
  endfacet
  facet normal 0.923881 -0 0.382679
    outer loop
      vertex 118.668 88.4 22.8824
      vertex 118.868 90.8 22.4
      vertex 118.668 90.8 22.8824
    endloop
  endfacet
  facet normal 0.923881 0 0.382679
    outer loop
      vertex 118.868 90.8 22.4
      vertex 118.668 88.4 22.8824
      vertex 118.868 88.4 22.4
    endloop
  endfacet
  facet normal -1 0 0
    outer loop
      vertex 122.6 88.4 23.4
      vertex 122.6 90.8 27.4
      vertex 122.6 90.8 23.4
    endloop
  endfacet
  facet normal -1 -0 0
    outer loop
      vertex 122.6 90.8 27.4
      vertex 122.6 88.4 23.4
      vertex 122.6 88.4 27.4
    endloop
  endfacet
  facet normal -0.382687 0 0.923878
    outer loop
      vertex 121.118 90.8 21.4681
      vertex 121.6 88.4 21.6679
      vertex 121.6 90.8 21.6679
    endloop
  endfacet
  facet normal -0.382687 0 0.923878
    outer loop
      vertex 121.6 88.4 21.6679
      vertex 121.118 90.8 21.4681
      vertex 121.118 88.4 21.4681
    endloop
  endfacet
  facet normal 0.130525 0 0.991445
    outer loop
      vertex 120.082 90.8 21.4681
      vertex 120.6 88.4 21.4
      vertex 120.6 90.8 21.4
    endloop
  endfacet
  facet normal 0.130525 0 0.991445
    outer loop
      vertex 120.6 88.4 21.4
      vertex 120.082 90.8 21.4681
      vertex 120.082 88.4 21.4681
    endloop
  endfacet
  facet normal 0.608759 0 0.793355
    outer loop
      vertex 119.186 90.8 21.9858
      vertex 119.6 88.4 21.6679
      vertex 119.6 90.8 21.6679
    endloop
  endfacet
  facet normal 0.608759 0 0.793355
    outer loop
      vertex 119.6 88.4 21.6679
      vertex 119.186 90.8 21.9858
      vertex 119.186 88.4 21.9858
    endloop
  endfacet
  facet normal -0.130525 0 0.991445
    outer loop
      vertex 120.6 90.8 21.4
      vertex 121.118 88.4 21.4681
      vertex 121.118 90.8 21.4681
    endloop
  endfacet
  facet normal -0.130525 0 0.991445
    outer loop
      vertex 121.118 88.4 21.4681
      vertex 120.6 90.8 21.4
      vertex 120.6 88.4 21.4
    endloop
  endfacet
  facet normal 0.793357 -0 0.608757
    outer loop
      vertex 118.868 88.4 22.4
      vertex 119.186 90.8 21.9858
      vertex 118.868 90.8 22.4
    endloop
  endfacet
  facet normal 0.793357 0 0.608757
    outer loop
      vertex 119.186 90.8 21.9858
      vertex 118.868 88.4 22.4
      vertex 119.186 88.4 21.9858
    endloop
  endfacet
  facet normal 1 -0 0
    outer loop
      vertex 118.6 88.4 27.4
      vertex 118.6 90.8 23.4
      vertex 118.6 90.8 27.4
    endloop
  endfacet
  facet normal 1 0 0
    outer loop
      vertex 118.6 90.8 23.4
      vertex 118.6 88.4 27.4
      vertex 118.6 88.4 23.4
    endloop
  endfacet
  facet normal -0.991445 0 0.130522
    outer loop
      vertex 122.532 88.4 22.8824
      vertex 122.6 90.8 23.4
      vertex 122.532 90.8 22.8824
    endloop
  endfacet
  facet normal -0.991445 0 0.130522
    outer loop
      vertex 122.6 90.8 23.4
      vertex 122.532 88.4 22.8824
      vertex 122.6 88.4 23.4
    endloop
  endfacet
  facet normal -0.608759 0 0.793355
    outer loop
      vertex 121.6 90.8 21.6679
      vertex 122.014 88.4 21.9858
      vertex 122.014 90.8 21.9858
    endloop
  endfacet
  facet normal -0.608759 0 0.793355
    outer loop
      vertex 122.014 88.4 21.9858
      vertex 121.6 90.8 21.6679
      vertex 121.6 88.4 21.6679
    endloop
  endfacet
  facet normal -0.793357 0 0.608757
    outer loop
      vertex 122.014 88.4 21.9858
      vertex 122.332 90.8 22.4
      vertex 122.014 90.8 21.9858
    endloop
  endfacet
  facet normal -0.793357 0 0.608757
    outer loop
      vertex 122.332 90.8 22.4
      vertex 122.014 88.4 21.9858
      vertex 122.332 88.4 22.4
    endloop
  endfacet
  facet normal 0.991444 -0 0.130536
    outer loop
      vertex 118.6 88.4 23.4
      vertex 118.668 90.8 22.8824
      vertex 118.6 90.8 23.4
    endloop
  endfacet
  facet normal 0.991444 0 0.130536
    outer loop
      vertex 118.668 90.8 22.8824
      vertex 118.6 88.4 23.4
      vertex 118.668 88.4 22.8824
    endloop
  endfacet
  facet normal -0.923876 0 0.382692
    outer loop
      vertex 122.332 88.4 22.4
      vertex 122.532 90.8 22.8824
      vertex 122.332 90.8 22.4
    endloop
  endfacet
  facet normal -0.923876 0 0.382692
    outer loop
      vertex 122.532 90.8 22.8824
      vertex 122.332 88.4 22.4
      vertex 122.532 88.4 22.8824
    endloop
  endfacet
  facet normal 0.382687 0 0.923878
    outer loop
      vertex 119.6 90.8 21.6679
      vertex 120.082 88.4 21.4681
      vertex 120.082 90.8 21.4681
    endloop
  endfacet
  facet normal 0.382687 0 0.923878
    outer loop
      vertex 120.082 88.4 21.4681
      vertex 119.6 90.8 21.6679
      vertex 119.6 88.4 21.6679
    endloop
  endfacet
  facet normal 1 -0 0
    outer loop
      vertex 7.4 146.2 2.4
      vertex 7.4 166.2 0
      vertex 7.4 166.2 2.4
    endloop
  endfacet
  facet normal 1 0 0
    outer loop
      vertex 7.4 166.2 0
      vertex 7.4 146.2 2.4
      vertex 7.4 146.2 0
    endloop
  endfacet
  facet normal -1 0 0
    outer loop
      vertex 10.4 146.2 0
      vertex 10.4 166.2 2.4
      vertex 10.4 166.2 0
    endloop
  endfacet
  facet normal -1 -0 0
    outer loop
      vertex 10.4 166.2 2.4
      vertex 10.4 146.2 0
      vertex 10.4 146.2 2.4
    endloop
  endfacet
  facet normal 0 1 -0
    outer loop
      vertex 10.4 146.2 0
      vertex 7.4 146.2 2.4
      vertex 10.4 146.2 2.4
    endloop
  endfacet
  facet normal 0 1 0
    outer loop
      vertex 7.4 146.2 2.4
      vertex 10.4 146.2 0
      vertex 7.4 146.2 0
    endloop
  endfacet
  facet normal 0 -1 0
    outer loop
      vertex 7.4 166.2 0
      vertex 10.4 166.2 2.4
      vertex 7.4 166.2 2.4
    endloop
  endfacet
  facet normal 0 -1 -0
    outer loop
      vertex 10.4 166.2 2.4
      vertex 7.4 166.2 0
      vertex 10.4 166.2 0
    endloop
  endfacet
  facet normal 1 -0 0
    outer loop
      vertex 15.4 146.2 2.4
      vertex 15.4 166.2 0
      vertex 15.4 166.2 2.4
    endloop
  endfacet
  facet normal 1 0 0
    outer loop
      vertex 15.4 166.2 0
      vertex 15.4 146.2 2.4
      vertex 15.4 146.2 0
    endloop
  endfacet
  facet normal -1 0 0
    outer loop
      vertex 18.4 146.2 0
      vertex 18.4 166.2 2.4
      vertex 18.4 166.2 0
    endloop
  endfacet
  facet normal -1 -0 0
    outer loop
      vertex 18.4 166.2 2.4
      vertex 18.4 146.2 0
      vertex 18.4 146.2 2.4
    endloop
  endfacet
  facet normal 0 -1 0
    outer loop
      vertex 15.4 166.2 0
      vertex 18.4 166.2 2.4
      vertex 15.4 166.2 2.4
    endloop
  endfacet
  facet normal 0 -1 -0
    outer loop
      vertex 18.4 166.2 2.4
      vertex 15.4 166.2 0
      vertex 18.4 166.2 0
    endloop
  endfacet
  facet normal 0 1 -0
    outer loop
      vertex 18.4 146.2 0
      vertex 15.4 146.2 2.4
      vertex 18.4 146.2 2.4
    endloop
  endfacet
  facet normal 0 1 0
    outer loop
      vertex 15.4 146.2 2.4
      vertex 18.4 146.2 0
      vertex 15.4 146.2 0
    endloop
  endfacet
  facet normal 1 -0 0
    outer loop
      vertex 23.4 146.2 2.4
      vertex 23.4 166.2 0
      vertex 23.4 166.2 2.4
    endloop
  endfacet
  facet normal 1 0 0
    outer loop
      vertex 23.4 166.2 0
      vertex 23.4 146.2 2.4
      vertex 23.4 146.2 0
    endloop
  endfacet
  facet normal -1 0 0
    outer loop
      vertex 26.4 146.2 0
      vertex 26.4 166.2 2.4
      vertex 26.4 166.2 0
    endloop
  endfacet
  facet normal -1 -0 0
    outer loop
      vertex 26.4 166.2 2.4
      vertex 26.4 146.2 0
      vertex 26.4 146.2 2.4
    endloop
  endfacet
  facet normal 0 -1 0
    outer loop
      vertex 23.4 166.2 0
      vertex 26.4 166.2 2.4
      vertex 23.4 166.2 2.4
    endloop
  endfacet
  facet normal 0 -1 -0
    outer loop
      vertex 26.4 166.2 2.4
      vertex 23.4 166.2 0
      vertex 26.4 166.2 0
    endloop
  endfacet
  facet normal 0 1 -0
    outer loop
      vertex 26.4 146.2 0
      vertex 23.4 146.2 2.4
      vertex 26.4 146.2 2.4
    endloop
  endfacet
  facet normal 0 1 0
    outer loop
      vertex 23.4 146.2 2.4
      vertex 26.4 146.2 0
      vertex 23.4 146.2 0
    endloop
  endfacet
  facet normal 1 -0 0
    outer loop
      vertex 31.4 146.2 2.4
      vertex 31.4 166.2 0
      vertex 31.4 166.2 2.4
    endloop
  endfacet
  facet normal 1 0 0
    outer loop
      vertex 31.4 166.2 0
      vertex 31.4 146.2 2.4
      vertex 31.4 146.2 0
    endloop
  endfacet
  facet normal -1 0 0
    outer loop
      vertex 34.4 146.2 0
      vertex 34.4 166.2 2.4
      vertex 34.4 166.2 0
    endloop
  endfacet
  facet normal -1 -0 0
    outer loop
      vertex 34.4 166.2 2.4
      vertex 34.4 146.2 0
      vertex 34.4 146.2 2.4
    endloop
  endfacet
  facet normal 0 1 -0
    outer loop
      vertex 34.4 146.2 0
      vertex 31.4 146.2 2.4
      vertex 34.4 146.2 2.4
    endloop
  endfacet
  facet normal 0 1 0
    outer loop
      vertex 31.4 146.2 2.4
      vertex 34.4 146.2 0
      vertex 31.4 146.2 0
    endloop
  endfacet
  facet normal 0 -1 0
    outer loop
      vertex 31.4 166.2 0
      vertex 34.4 166.2 2.4
      vertex 31.4 166.2 2.4
    endloop
  endfacet
  facet normal 0 -1 -0
    outer loop
      vertex 34.4 166.2 2.4
      vertex 31.4 166.2 0
      vertex 34.4 166.2 0
    endloop
  endfacet
  facet normal 1 -0 0
    outer loop
      vertex 39.4 146.2 2.4
      vertex 39.4 166.2 0
      vertex 39.4 166.2 2.4
    endloop
  endfacet
  facet normal 1 0 0
    outer loop
      vertex 39.4 166.2 0
      vertex 39.4 146.2 2.4
      vertex 39.4 146.2 0
    endloop
  endfacet
  facet normal -1 0 0
    outer loop
      vertex 42.4 146.2 0
      vertex 42.4 166.2 2.4
      vertex 42.4 166.2 0
    endloop
  endfacet
  facet normal -1 -0 0
    outer loop
      vertex 42.4 166.2 2.4
      vertex 42.4 146.2 0
      vertex 42.4 146.2 2.4
    endloop
  endfacet
  facet normal 0 1 -0
    outer loop
      vertex 42.4 146.2 0
      vertex 39.4 146.2 2.4
      vertex 42.4 146.2 2.4
    endloop
  endfacet
  facet normal 0 1 0
    outer loop
      vertex 39.4 146.2 2.4
      vertex 42.4 146.2 0
      vertex 39.4 146.2 0
    endloop
  endfacet
  facet normal 0 -1 0
    outer loop
      vertex 39.4 166.2 0
      vertex 42.4 166.2 2.4
      vertex 39.4 166.2 2.4
    endloop
  endfacet
  facet normal 0 -1 -0
    outer loop
      vertex 42.4 166.2 2.4
      vertex 39.4 166.2 0
      vertex 42.4 166.2 0
    endloop
  endfacet
  facet normal 0.995185 0.0980181 0
    outer loop
      vertex 160.8 197.6 2.4
      vertex 160.723 198.38 0
      vertex 160.723 198.38 2.4
    endloop
  endfacet
  facet normal 0.995185 0.0980181 0
    outer loop
      vertex 160.723 198.38 0
      vertex 160.8 197.6 2.4
      vertex 160.8 197.6 0
    endloop
  endfacet
  facet normal -0.290294 0.956938 0
    outer loop
      vertex 3.21964 201.523 0
      vertex 2.46927 201.296 2.4
      vertex 3.21964 201.523 2.4
    endloop
  endfacet
  facet normal -0.290294 0.956938 0
    outer loop
      vertex 2.46927 201.296 2.4
      vertex 3.21964 201.523 0
      vertex 2.46927 201.296 0
    endloop
  endfacet
  facet normal 0.290281 -0.956941 0
    outer loop
      vertex 157.58 110.877 0
      vertex 158.331 111.104 2.4
      vertex 157.58 110.877 2.4
    endloop
  endfacet
  facet normal 0.290281 -0.956941 0
    outer loop
      vertex 158.331 111.104 2.4
      vertex 157.58 110.877 0
      vertex 158.331 111.104 0
    endloop
  endfacet
  facet normal 0.0980181 0.995185 -0
    outer loop
      vertex 157.58 201.523 0
      vertex 156.8 201.6 2.4
      vertex 157.58 201.523 2.4
    endloop
  endfacet
  facet normal 0.0980181 0.995185 0
    outer loop
      vertex 156.8 201.6 2.4
      vertex 157.58 201.523 0
      vertex 156.8 201.6 0
    endloop
  endfacet
  facet normal 0 1 -0
    outer loop
      vertex 156.8 201.6 0
      vertex 4 201.6 2.4
      vertex 156.8 201.6 2.4
    endloop
  endfacet
  facet normal 0 1 0
    outer loop
      vertex 4 201.6 2.4
      vertex 156.8 201.6 0
      vertex 4 201.6 0
    endloop
  endfacet
  facet normal -0.995185 0.0980181 0
    outer loop
      vertex 0 197.6 0
      vertex 0.0768585 198.38 2.4
      vertex 0.0768585 198.38 0
    endloop
  endfacet
  facet normal -0.995185 0.0980181 0
    outer loop
      vertex 0.0768585 198.38 2.4
      vertex 0 197.6 0
      vertex 0 197.6 2.4
    endloop
  endfacet
  facet normal 0 0 -1
    outer loop
      vertex 155.9 114.7 0
      vertex 156.9 115.7 0
      vertex 156.881 115.505 0
    endloop
  endfacet
  facet normal -0 0 -1
    outer loop
      vertex 156.9 115.7 0
      vertex 155.9 114.7 0
      vertex 156.9 196.7 0
    endloop
  endfacet
  facet normal 0 0 -1
    outer loop
      vertex 155.9 114.7 0
      vertex 156.881 115.505 0
      vertex 156.824 115.317 0
    endloop
  endfacet
  facet normal 0 0 -1
    outer loop
      vertex 155.9 197.7 0
      vertex 156.9 196.7 0
      vertex 155.9 114.7 0
    endloop
  endfacet
  facet normal 0 0 -1
    outer loop
      vertex 155.9 114.7 0
      vertex 156.824 115.317 0
      vertex 156.731 115.144 0
    endloop
  endfacet
  facet normal 0 0 -1
    outer loop
      vertex 156.9 196.7 0
      vertex 155.9 197.7 0
      vertex 156.881 196.895 0
    endloop
  endfacet
  facet normal 0 0 -1
    outer loop
      vertex 155.9 114.7 0
      vertex 156.731 115.144 0
      vertex 156.607 114.993 0
    endloop
  endfacet
  facet normal 0 0 -1
    outer loop
      vertex 156.881 196.895 0
      vertex 155.9 197.7 0
      vertex 156.824 197.083 0
    endloop
  endfacet
  facet normal 0 0 -1
    outer loop
      vertex 155.9 114.7 0
      vertex 156.607 114.993 0
      vertex 156.456 114.869 0
    endloop
  endfacet
  facet normal 0 0 -1
    outer loop
      vertex 156.824 197.083 0
      vertex 155.9 197.7 0
      vertex 156.731 197.256 0
    endloop
  endfacet
  facet normal 0 0 -1
    outer loop
      vertex 155.9 114.7 0
      vertex 156.456 114.869 0
      vertex 156.283 114.776 0
    endloop
  endfacet
  facet normal 0 0 -1
    outer loop
      vertex 156.731 197.256 0
      vertex 155.9 197.7 0
      vertex 156.607 197.407 0
    endloop
  endfacet
  facet normal 0 0 -1
    outer loop
      vertex 155.9 114.7 0
      vertex 156.283 114.776 0
      vertex 156.095 114.719 0
    endloop
  endfacet
  facet normal 0 0 -1
    outer loop
      vertex 156.607 197.407 0
      vertex 155.9 197.7 0
      vertex 156.456 197.531 0
    endloop
  endfacet
  facet normal 0 0 -1
    outer loop
      vertex 156.456 197.531 0
      vertex 155.9 197.7 0
      vertex 156.283 197.624 0
    endloop
  endfacet
  facet normal 0 0 -1
    outer loop
      vertex 156.283 197.624 0
      vertex 155.9 197.7 0
      vertex 156.095 197.681 0
    endloop
  endfacet
  facet normal 0 0 -1
    outer loop
      vertex 155.9 114.7 0
      vertex 42.4 146.2 0
      vertex 155.9 197.7 0
    endloop
  endfacet
  facet normal 0 0 -1
    outer loop
      vertex 4.9 114.7 0
      vertex 42.4 146.2 0
      vertex 155.9 114.7 0
    endloop
  endfacet
  facet normal 0 0 -1
    outer loop
      vertex 39.4 146.2 0
      vertex 34.4 146.2 0
      vertex 39.4 166.2 0
    endloop
  endfacet
  facet normal -0 0 -1
    outer loop
      vertex 42.4 146.2 0
      vertex 4.9 114.7 0
      vertex 39.4 146.2 0
    endloop
  endfacet
  facet normal -0 0 -1
    outer loop
      vertex 39.4 146.2 0
      vertex 4.9 114.7 0
      vertex 34.4 146.2 0
    endloop
  endfacet
  facet normal 0 0 -1
    outer loop
      vertex 31.4 146.2 0
      vertex 26.4 146.2 0
      vertex 31.4 166.2 0
    endloop
  endfacet
  facet normal -0 0 -1
    outer loop
      vertex 34.4 146.2 0
      vertex 4.9 114.7 0
      vertex 31.4 146.2 0
    endloop
  endfacet
  facet normal -0 0 -1
    outer loop
      vertex 31.4 146.2 0
      vertex 4.9 114.7 0
      vertex 26.4 146.2 0
    endloop
  endfacet
  facet normal 0 0 -1
    outer loop
      vertex 23.4 146.2 0
      vertex 18.4 146.2 0
      vertex 23.4 166.2 0
    endloop
  endfacet
  facet normal -0 0 -1
    outer loop
      vertex 26.4 146.2 0
      vertex 4.9 114.7 0
      vertex 23.4 146.2 0
    endloop
  endfacet
  facet normal -0 0 -1
    outer loop
      vertex 23.4 146.2 0
      vertex 4.9 114.7 0
      vertex 18.4 146.2 0
    endloop
  endfacet
  facet normal 0 0 -1
    outer loop
      vertex 15.4 146.2 0
      vertex 10.4 146.2 0
      vertex 15.4 166.2 0
    endloop
  endfacet
  facet normal 0 0 -1
    outer loop
      vertex 3.9 115.7 0
      vertex 18.4 146.2 0
      vertex 4.9 114.7 0
    endloop
  endfacet
  facet normal -0 0 -1
    outer loop
      vertex 18.4 146.2 0
      vertex 3.9 115.7 0
      vertex 15.4 146.2 0
    endloop
  endfacet
  facet normal 0 0 -1
    outer loop
      vertex 3.9 196.7 0
      vertex 7.4 166.2 0
      vertex 7.4 146.2 0
    endloop
  endfacet
  facet normal -0 0 -1
    outer loop
      vertex 15.4 146.2 0
      vertex 3.9 115.7 0
      vertex 10.4 146.2 0
    endloop
  endfacet
  facet normal -0 0 -1
    outer loop
      vertex 10.4 146.2 0
      vertex 3.9 115.7 0
      vertex 7.4 146.2 0
    endloop
  endfacet
  facet normal 0 0 -1
    outer loop
      vertex 3.9 115.7 0
      vertex 4.9 114.7 0
      vertex 4.70491 114.719 0
    endloop
  endfacet
  facet normal 0 0 -1
    outer loop
      vertex 3.9 196.7 0
      vertex 7.4 146.2 0
      vertex 3.9 115.7 0
    endloop
  endfacet
  facet normal 0 0 -1
    outer loop
      vertex 3.9 115.7 0
      vertex 4.70491 114.719 0
      vertex 4.51732 114.776 0
    endloop
  endfacet
  facet normal 0 0 -1
    outer loop
      vertex 7.4 166.2 0
      vertex 3.9 196.7 0
      vertex 4.9 197.7 0
    endloop
  endfacet
  facet normal 0 0 -1
    outer loop
      vertex 3.9 115.7 0
      vertex 4.51732 114.776 0
      vertex 4.34443 114.869 0
    endloop
  endfacet
  facet normal 0 0 -1
    outer loop
      vertex 4.9 197.7 0
      vertex 3.9 196.7 0
      vertex 4.70491 197.681 0
    endloop
  endfacet
  facet normal 0 0 -1
    outer loop
      vertex 3.9 115.7 0
      vertex 4.34443 114.869 0
      vertex 4.19289 114.993 0
    endloop
  endfacet
  facet normal 0 0 -1
    outer loop
      vertex 4.70491 197.681 0
      vertex 3.9 196.7 0
      vertex 4.51732 197.624 0
    endloop
  endfacet
  facet normal 0 0 -1
    outer loop
      vertex 3.9 115.7 0
      vertex 4.19289 114.993 0
      vertex 4.06853 115.144 0
    endloop
  endfacet
  facet normal 0 0 -1
    outer loop
      vertex 4.51732 197.624 0
      vertex 3.9 196.7 0
      vertex 4.34443 197.531 0
    endloop
  endfacet
  facet normal 0 0 -1
    outer loop
      vertex 3.9 115.7 0
      vertex 4.06853 115.144 0
      vertex 3.97612 115.317 0
    endloop
  endfacet
  facet normal 0 0 -1
    outer loop
      vertex 4.34443 197.531 0
      vertex 3.9 196.7 0
      vertex 4.19289 197.407 0
    endloop
  endfacet
  facet normal 0 0 -1
    outer loop
      vertex 3.9 115.7 0
      vertex 3.97612 115.317 0
      vertex 3.91921 115.505 0
    endloop
  endfacet
  facet normal 0 0 -1
    outer loop
      vertex 4.19289 197.407 0
      vertex 3.9 196.7 0
      vertex 4.06853 197.256 0
    endloop
  endfacet
  facet normal 0 0 -1
    outer loop
      vertex 4.06853 197.256 0
      vertex 3.9 196.7 0
      vertex 3.97612 197.083 0
    endloop
  endfacet
  facet normal 0 0 -1
    outer loop
      vertex 3.97612 197.083 0
      vertex 3.9 196.7 0
      vertex 3.91921 196.895 0
    endloop
  endfacet
  facet normal 0 0 -1
    outer loop
      vertex 42.4 166.2 0
      vertex 155.9 197.7 0
      vertex 42.4 146.2 0
    endloop
  endfacet
  facet normal 0 0 -1
    outer loop
      vertex 4.9 197.7 0
      vertex 42.4 166.2 0
      vertex 39.4 166.2 0
    endloop
  endfacet
  facet normal 0 0 -1
    outer loop
      vertex 34.4 166.2 0
      vertex 39.4 166.2 0
      vertex 34.4 146.2 0
    endloop
  endfacet
  facet normal 0 0 -1
    outer loop
      vertex 4.9 197.7 0
      vertex 39.4 166.2 0
      vertex 34.4 166.2 0
    endloop
  endfacet
  facet normal 0 0 -1
    outer loop
      vertex 4.9 197.7 0
      vertex 34.4 166.2 0
      vertex 31.4 166.2 0
    endloop
  endfacet
  facet normal 0 0 -1
    outer loop
      vertex 26.4 166.2 0
      vertex 31.4 166.2 0
      vertex 26.4 146.2 0
    endloop
  endfacet
  facet normal 0 0 -1
    outer loop
      vertex 4.9 197.7 0
      vertex 31.4 166.2 0
      vertex 26.4 166.2 0
    endloop
  endfacet
  facet normal 0 0 -1
    outer loop
      vertex 4.9 197.7 0
      vertex 26.4 166.2 0
      vertex 23.4 166.2 0
    endloop
  endfacet
  facet normal 0 0 -1
    outer loop
      vertex 18.4 166.2 0
      vertex 23.4 166.2 0
      vertex 18.4 146.2 0
    endloop
  endfacet
  facet normal 0 0 -1
    outer loop
      vertex 4.9 197.7 0
      vertex 23.4 166.2 0
      vertex 18.4 166.2 0
    endloop
  endfacet
  facet normal 0 0 -1
    outer loop
      vertex 4.9 197.7 0
      vertex 18.4 166.2 0
      vertex 15.4 166.2 0
    endloop
  endfacet
  facet normal 0 0 -1
    outer loop
      vertex 10.4 166.2 0
      vertex 15.4 166.2 0
      vertex 10.4 146.2 0
    endloop
  endfacet
  facet normal 0 0 -1
    outer loop
      vertex 4.9 197.7 0
      vertex 15.4 166.2 0
      vertex 10.4 166.2 0
    endloop
  endfacet
  facet normal 0 0 -1
    outer loop
      vertex 4.9 197.7 0
      vertex 10.4 166.2 0
      vertex 7.4 166.2 0
    endloop
  endfacet
  facet normal 0 0 -1
    outer loop
      vertex 42.4 166.2 0
      vertex 4.9 197.7 0
      vertex 155.9 197.7 0
    endloop
  endfacet
  facet normal 0 0 -1
    outer loop
      vertex 158.071 114.707 0
      vertex 160.8 114.8 0
      vertex 160.723 114.02 0
    endloop
  endfacet
  facet normal 0 0 -1
    outer loop
      vertex 160.8 114.8 0
      vertex 158.1 115 0
      vertex 160.8 197.6 0
    endloop
  endfacet
  facet normal 0 0 -1
    outer loop
      vertex 157.986 114.426 0
      vertex 160.723 114.02 0
      vertex 160.496 113.269 0
    endloop
  endfacet
  facet normal 0 0 -1
    outer loop
      vertex 158.1 197.4 0
      vertex 160.8 197.6 0
      vertex 158.1 115 0
    endloop
  endfacet
  facet normal 0 0 -1
    outer loop
      vertex 157.847 114.167 0
      vertex 160.496 113.269 0
      vertex 160.126 112.578 0
    endloop
  endfacet
  facet normal 0 0 -1
    outer loop
      vertex 158.071 197.693 0
      vertex 160.8 197.6 0
      vertex 158.1 197.4 0
    endloop
  endfacet
  facet normal 0 0 -1
    outer loop
      vertex 157.661 113.939 0
      vertex 160.126 112.578 0
      vertex 159.628 111.972 0
    endloop
  endfacet
  facet normal 0 0 -1
    outer loop
      vertex 160.8 197.6 0
      vertex 158.071 197.693 0
      vertex 160.723 198.38 0
    endloop
  endfacet
  facet normal 0 0 -1
    outer loop
      vertex 157.661 113.939 0
      vertex 159.628 111.972 0
      vertex 159.022 111.474 0
    endloop
  endfacet
  facet normal 0 0 -1
    outer loop
      vertex 157.986 197.974 0
      vertex 160.723 198.38 0
      vertex 158.071 197.693 0
    endloop
  endfacet
  facet normal 0 0 -1
    outer loop
      vertex 157.433 113.753 0
      vertex 159.022 111.474 0
      vertex 158.331 111.104 0
    endloop
  endfacet
  facet normal -0 0 -1
    outer loop
      vertex 160.723 198.38 0
      vertex 157.986 197.974 0
      vertex 160.496 199.131 0
    endloop
  endfacet
  facet normal 0 0 -1
    outer loop
      vertex 157.847 198.233 0
      vertex 160.496 199.131 0
      vertex 157.986 197.974 0
    endloop
  endfacet
  facet normal -0 0 -1
    outer loop
      vertex 160.8 114.8 0
      vertex 158.071 114.707 0
      vertex 158.1 115 0
    endloop
  endfacet
  facet normal 0 0 -1
    outer loop
      vertex 160.723 114.02 0
      vertex 157.986 114.426 0
      vertex 158.071 114.707 0
    endloop
  endfacet
  facet normal 0 0 -1
    outer loop
      vertex 160.496 113.269 0
      vertex 157.847 114.167 0
      vertex 157.986 114.426 0
    endloop
  endfacet
  facet normal 0 0 -1
    outer loop
      vertex 160.126 112.578 0
      vertex 157.661 113.939 0
      vertex 157.847 114.167 0
    endloop
  endfacet
  facet normal 0 0 -1
    outer loop
      vertex 157.174 113.614 0
      vertex 158.331 111.104 0
      vertex 157.58 110.877 0
    endloop
  endfacet
  facet normal 0 0 -1
    outer loop
      vertex 159.022 111.474 0
      vertex 157.433 113.753 0
      vertex 157.661 113.939 0
    endloop
  endfacet
  facet normal 0 0 -1
    outer loop
      vertex 158.331 111.104 0
      vertex 157.174 113.614 0
      vertex 157.433 113.753 0
    endloop
  endfacet
  facet normal 0 0 -1
    outer loop
      vertex 157.58 110.877 0
      vertex 156.893 113.529 0
      vertex 157.174 113.614 0
    endloop
  endfacet
  facet normal 0 0 -1
    outer loop
      vertex 156.8 110.8 0
      vertex 156.893 113.529 0
      vertex 157.58 110.877 0
    endloop
  endfacet
  facet normal 0 0 -1
    outer loop
      vertex 156.8 110.8 0
      vertex 156.6 113.5 0
      vertex 156.893 113.529 0
    endloop
  endfacet
  facet normal 0 0 -1
    outer loop
      vertex 156.8 110.8 0
      vertex 4.2 113.5 0
      vertex 156.6 113.5 0
    endloop
  endfacet
  facet normal 0 0 -1
    outer loop
      vertex 4 110.8 0
      vertex 4.2 113.5 0
      vertex 156.8 110.8 0
    endloop
  endfacet
  facet normal 0 0 -1
    outer loop
      vertex 4 110.8 0
      vertex 3.90736 113.529 0
      vertex 4.2 113.5 0
    endloop
  endfacet
  facet normal 0 0 -1
    outer loop
      vertex 3.21964 110.877 0
      vertex 3.90736 113.529 0
      vertex 4 110.8 0
    endloop
  endfacet
  facet normal -0 0 -1
    outer loop
      vertex 3.90736 113.529 0
      vertex 3.21964 110.877 0
      vertex 3.62597 113.614 0
    endloop
  endfacet
  facet normal 0 0 -1
    outer loop
      vertex 2.46927 111.104 0
      vertex 3.62597 113.614 0
      vertex 3.21964 110.877 0
    endloop
  endfacet
  facet normal -0 0 -1
    outer loop
      vertex 3.62597 113.614 0
      vertex 2.46927 111.104 0
      vertex 3.36664 113.753 0
    endloop
  endfacet
  facet normal 0 0 -1
    outer loop
      vertex 1.77772 111.474 0
      vertex 3.36664 113.753 0
      vertex 2.46927 111.104 0
    endloop
  endfacet
  facet normal -0 0 -1
    outer loop
      vertex 3.36664 113.753 0
      vertex 1.77772 111.474 0
      vertex 3.13934 113.939 0
    endloop
  endfacet
  facet normal 0 0 -1
    outer loop
      vertex 1.17157 111.972 0
      vertex 3.13934 113.939 0
      vertex 1.77772 111.474 0
    endloop
  endfacet
  facet normal 0 0 -1
    outer loop
      vertex 0.304482 113.269 0
      vertex 2.9528 114.167 0
      vertex 0.674121 112.578 0
    endloop
  endfacet
  facet normal -0 0 -1
    outer loop
      vertex 3.13934 113.939 0
      vertex 0.674121 112.578 0
      vertex 2.9528 114.167 0
    endloop
  endfacet
  facet normal 0 0 -1
    outer loop
      vertex 0.674121 112.578 0
      vertex 3.13934 113.939 0
      vertex 1.17157 111.972 0
    endloop
  endfacet
  facet normal -0 0 -1
    outer loop
      vertex 160.496 199.131 0
      vertex 157.847 198.233 0
      vertex 160.126 199.822 0
    endloop
  endfacet
  facet normal 0 0 -1
    outer loop
      vertex 157.661 198.461 0
      vertex 160.126 199.822 0
      vertex 157.847 198.233 0
    endloop
  endfacet
  facet normal -0 0 -1
    outer loop
      vertex 160.126 199.822 0
      vertex 157.661 198.461 0
      vertex 159.628 200.428 0
    endloop
  endfacet
  facet normal -0 0 -1
    outer loop
      vertex 159.628 200.428 0
      vertex 157.661 198.461 0
      vertex 159.022 200.926 0
    endloop
  endfacet
  facet normal 0 0 -1
    outer loop
      vertex 157.433 198.647 0
      vertex 159.022 200.926 0
      vertex 157.661 198.461 0
    endloop
  endfacet
  facet normal -0 0 -1
    outer loop
      vertex 159.022 200.926 0
      vertex 157.433 198.647 0
      vertex 158.331 201.296 0
    endloop
  endfacet
  facet normal 0 0 -1
    outer loop
      vertex 157.174 198.786 0
      vertex 158.331 201.296 0
      vertex 157.433 198.647 0
    endloop
  endfacet
  facet normal -0 0 -1
    outer loop
      vertex 158.331 201.296 0
      vertex 157.174 198.786 0
      vertex 157.58 201.523 0
    endloop
  endfacet
  facet normal 0 0 -1
    outer loop
      vertex 156.893 198.871 0
      vertex 157.58 201.523 0
      vertex 157.174 198.786 0
    endloop
  endfacet
  facet normal 0 0 -1
    outer loop
      vertex 156.893 198.871 0
      vertex 156.8 201.6 0
      vertex 157.58 201.523 0
    endloop
  endfacet
  facet normal 0 0 -1
    outer loop
      vertex 156.6 198.9 0
      vertex 156.8 201.6 0
      vertex 156.893 198.871 0
    endloop
  endfacet
  facet normal 0 0 -1
    outer loop
      vertex 4.2 198.9 0
      vertex 156.8 201.6 0
      vertex 156.6 198.9 0
    endloop
  endfacet
  facet normal 0 0 -1
    outer loop
      vertex 4.2 198.9 0
      vertex 4 201.6 0
      vertex 156.8 201.6 0
    endloop
  endfacet
  facet normal 0 0 -1
    outer loop
      vertex 3.90736 198.871 0
      vertex 4 201.6 0
      vertex 4.2 198.9 0
    endloop
  endfacet
  facet normal 0 0 -1
    outer loop
      vertex 3.21964 201.523 0
      vertex 3.90736 198.871 0
      vertex 3.62597 198.786 0
    endloop
  endfacet
  facet normal 0 0 -1
    outer loop
      vertex 2.46927 201.296 0
      vertex 3.62597 198.786 0
      vertex 3.36664 198.647 0
    endloop
  endfacet
  facet normal 0 0 -1
    outer loop
      vertex 3.90736 198.871 0
      vertex 3.21964 201.523 0
      vertex 4 201.6 0
    endloop
  endfacet
  facet normal 0 0 -1
    outer loop
      vertex 1.77772 200.926 0
      vertex 3.36664 198.647 0
      vertex 3.13934 198.461 0
    endloop
  endfacet
  facet normal 0 0 -1
    outer loop
      vertex 0.674121 199.822 0
      vertex 3.13934 198.461 0
      vertex 2.9528 198.233 0
    endloop
  endfacet
  facet normal 0 0 -1
    outer loop
      vertex 0.304482 199.131 0
      vertex 2.9528 198.233 0
      vertex 2.81418 197.974 0
    endloop
  endfacet
  facet normal 0 0 -1
    outer loop
      vertex 0.0768585 198.38 0
      vertex 2.81418 197.974 0
      vertex 2.72882 197.693 0
    endloop
  endfacet
  facet normal 0 0 -1
    outer loop
      vertex 3.62597 198.786 0
      vertex 2.46927 201.296 0
      vertex 3.21964 201.523 0
    endloop
  endfacet
  facet normal 0 0 -1
    outer loop
      vertex 0 197.6 0
      vertex 2.72882 197.693 0
      vertex 2.7 197.4 0
    endloop
  endfacet
  facet normal -0 0 -1
    outer loop
      vertex 2.7 115 0
      vertex 0 114.8 0
      vertex 2.7 197.4 0
    endloop
  endfacet
  facet normal -0 0 -1
    outer loop
      vertex 2.9528 114.167 0
      vertex 0.304482 113.269 0
      vertex 2.81418 114.426 0
    endloop
  endfacet
  facet normal 0 0 -1
    outer loop
      vertex 0 197.6 0
      vertex 2.7 197.4 0
      vertex 0 114.8 0
    endloop
  endfacet
  facet normal 0 0 -1
    outer loop
      vertex 0.0768585 114.02 0
      vertex 2.81418 114.426 0
      vertex 0.304482 113.269 0
    endloop
  endfacet
  facet normal -0 0 -1
    outer loop
      vertex 2.72882 197.693 0
      vertex 0 197.6 0
      vertex 0.0768585 198.38 0
    endloop
  endfacet
  facet normal -0 0 -1
    outer loop
      vertex 2.81418 114.426 0
      vertex 0.0768585 114.02 0
      vertex 2.72882 114.707 0
    endloop
  endfacet
  facet normal 0 0 -1
    outer loop
      vertex 3.36664 198.647 0
      vertex 1.77772 200.926 0
      vertex 2.46927 201.296 0
    endloop
  endfacet
  facet normal 0 0 -1
    outer loop
      vertex 0 114.8 0
      vertex 2.72882 114.707 0
      vertex 0.0768585 114.02 0
    endloop
  endfacet
  facet normal 0 0 -1
    outer loop
      vertex 3.13934 198.461 0
      vertex 1.17157 200.428 0
      vertex 1.77772 200.926 0
    endloop
  endfacet
  facet normal 0 0 -1
    outer loop
      vertex 2.72882 114.707 0
      vertex 0 114.8 0
      vertex 2.7 115 0
    endloop
  endfacet
  facet normal 0 0 -1
    outer loop
      vertex 3.13934 198.461 0
      vertex 0.674121 199.822 0
      vertex 1.17157 200.428 0
    endloop
  endfacet
  facet normal 0 0 -1
    outer loop
      vertex 2.9528 198.233 0
      vertex 0.304482 199.131 0
      vertex 0.674121 199.822 0
    endloop
  endfacet
  facet normal 0 0 -1
    outer loop
      vertex 2.81418 197.974 0
      vertex 0.0768585 198.38 0
      vertex 0.304482 199.131 0
    endloop
  endfacet
  facet normal -1 0 0
    outer loop
      vertex 0 114.8 0
      vertex 0 197.6 2.4
      vertex 0 197.6 0
    endloop
  endfacet
  facet normal -1 -0 0
    outer loop
      vertex 0 197.6 2.4
      vertex 0 114.8 0
      vertex 0 114.8 2.4
    endloop
  endfacet
  facet normal 0 0 1
    outer loop
      vertex 156.8 201.6 2.4
      vertex 160.8 197.6 2.4
      vertex 160.723 198.38 2.4
    endloop
  endfacet
  facet normal 0 0 1
    outer loop
      vertex 160.8 197.6 2.4
      vertex 156.8 201.6 2.4
      vertex 160.8 114.8 2.4
    endloop
  endfacet
  facet normal 0 0 1
    outer loop
      vertex 156.8 201.6 2.4
      vertex 160.723 198.38 2.4
      vertex 160.496 199.131 2.4
    endloop
  endfacet
  facet normal 0 0 1
    outer loop
      vertex 156.8 110.8 2.4
      vertex 160.8 114.8 2.4
      vertex 156.8 201.6 2.4
    endloop
  endfacet
  facet normal 0 0 1
    outer loop
      vertex 156.8 201.6 2.4
      vertex 160.496 199.131 2.4
      vertex 160.126 199.822 2.4
    endloop
  endfacet
  facet normal 0 0 1
    outer loop
      vertex 160.8 114.8 2.4
      vertex 156.8 110.8 2.4
      vertex 160.723 114.02 2.4
    endloop
  endfacet
  facet normal 0 0 1
    outer loop
      vertex 156.8 201.6 2.4
      vertex 160.126 199.822 2.4
      vertex 159.628 200.428 2.4
    endloop
  endfacet
  facet normal 0 0 1
    outer loop
      vertex 160.723 114.02 2.4
      vertex 156.8 110.8 2.4
      vertex 160.496 113.269 2.4
    endloop
  endfacet
  facet normal 0 0 1
    outer loop
      vertex 156.8 201.6 2.4
      vertex 159.628 200.428 2.4
      vertex 159.022 200.926 2.4
    endloop
  endfacet
  facet normal 0 0 1
    outer loop
      vertex 160.496 113.269 2.4
      vertex 156.8 110.8 2.4
      vertex 160.126 112.578 2.4
    endloop
  endfacet
  facet normal 0 0 1
    outer loop
      vertex 156.8 201.6 2.4
      vertex 159.022 200.926 2.4
      vertex 158.331 201.296 2.4
    endloop
  endfacet
  facet normal 0 0 1
    outer loop
      vertex 160.126 112.578 2.4
      vertex 156.8 110.8 2.4
      vertex 159.628 111.972 2.4
    endloop
  endfacet
  facet normal 0 0 1
    outer loop
      vertex 156.8 201.6 2.4
      vertex 158.331 201.296 2.4
      vertex 157.58 201.523 2.4
    endloop
  endfacet
  facet normal 0 0 1
    outer loop
      vertex 159.628 111.972 2.4
      vertex 156.8 110.8 2.4
      vertex 159.022 111.474 2.4
    endloop
  endfacet
  facet normal 0 0 1
    outer loop
      vertex 159.022 111.474 2.4
      vertex 156.8 110.8 2.4
      vertex 158.331 111.104 2.4
    endloop
  endfacet
  facet normal 0 0 1
    outer loop
      vertex 158.331 111.104 2.4
      vertex 156.8 110.8 2.4
      vertex 157.58 110.877 2.4
    endloop
  endfacet
  facet normal 0 0 1
    outer loop
      vertex 156.8 201.6 2.4
      vertex 42.4 166.2 2.4
      vertex 156.8 110.8 2.4
    endloop
  endfacet
  facet normal -0 0 1
    outer loop
      vertex 4 201.6 2.4
      vertex 42.4 166.2 2.4
      vertex 156.8 201.6 2.4
    endloop
  endfacet
  facet normal 0 0 1
    outer loop
      vertex 39.4 166.2 2.4
      vertex 34.4 166.2 2.4
      vertex 39.4 146.2 2.4
    endloop
  endfacet
  facet normal 0 0 1
    outer loop
      vertex 42.4 166.2 2.4
      vertex 4 201.6 2.4
      vertex 39.4 166.2 2.4
    endloop
  endfacet
  facet normal 0 0 1
    outer loop
      vertex 39.4 166.2 2.4
      vertex 4 201.6 2.4
      vertex 34.4 166.2 2.4
    endloop
  endfacet
  facet normal 0 0 1
    outer loop
      vertex 31.4 166.2 2.4
      vertex 26.4 166.2 2.4
      vertex 31.4 146.2 2.4
    endloop
  endfacet
  facet normal 0 0 1
    outer loop
      vertex 34.4 166.2 2.4
      vertex 4 201.6 2.4
      vertex 31.4 166.2 2.4
    endloop
  endfacet
  facet normal 0 0 1
    outer loop
      vertex 31.4 166.2 2.4
      vertex 4 201.6 2.4
      vertex 26.4 166.2 2.4
    endloop
  endfacet
  facet normal 0 0 1
    outer loop
      vertex 23.4 166.2 2.4
      vertex 18.4 166.2 2.4
      vertex 23.4 146.2 2.4
    endloop
  endfacet
  facet normal 0 0 1
    outer loop
      vertex 26.4 166.2 2.4
      vertex 4 201.6 2.4
      vertex 23.4 166.2 2.4
    endloop
  endfacet
  facet normal 0 0 1
    outer loop
      vertex 23.4 166.2 2.4
      vertex 4 201.6 2.4
      vertex 18.4 166.2 2.4
    endloop
  endfacet
  facet normal 0 0 1
    outer loop
      vertex 15.4 166.2 2.4
      vertex 10.4 166.2 2.4
      vertex 15.4 146.2 2.4
    endloop
  endfacet
  facet normal 0 0 1
    outer loop
      vertex 18.4 166.2 2.4
      vertex 4 201.6 2.4
      vertex 15.4 166.2 2.4
    endloop
  endfacet
  facet normal -0 0 1
    outer loop
      vertex 0 197.6 2.4
      vertex 15.4 166.2 2.4
      vertex 4 201.6 2.4
    endloop
  endfacet
  facet normal 0 0 1
    outer loop
      vertex 10.4 166.2 2.4
      vertex 0 197.6 2.4
      vertex 7.4 166.2 2.4
    endloop
  endfacet
  facet normal 0 0 1
    outer loop
      vertex 15.4 166.2 2.4
      vertex 0 197.6 2.4
      vertex 10.4 166.2 2.4
    endloop
  endfacet
  facet normal -0 0 1
    outer loop
      vertex 42.4 146.2 2.4
      vertex 156.8 110.8 2.4
      vertex 42.4 166.2 2.4
    endloop
  endfacet
  facet normal 0 0 1
    outer loop
      vertex 4 110.8 2.4
      vertex 42.4 146.2 2.4
      vertex 39.4 146.2 2.4
    endloop
  endfacet
  facet normal 0 0 1
    outer loop
      vertex 34.4 146.2 2.4
      vertex 39.4 146.2 2.4
      vertex 34.4 166.2 2.4
    endloop
  endfacet
  facet normal 0 0 1
    outer loop
      vertex 4 110.8 2.4
      vertex 39.4 146.2 2.4
      vertex 34.4 146.2 2.4
    endloop
  endfacet
  facet normal 0 0 1
    outer loop
      vertex 4 110.8 2.4
      vertex 34.4 146.2 2.4
      vertex 31.4 146.2 2.4
    endloop
  endfacet
  facet normal 0 0 1
    outer loop
      vertex 26.4 146.2 2.4
      vertex 31.4 146.2 2.4
      vertex 26.4 166.2 2.4
    endloop
  endfacet
  facet normal 0 0 1
    outer loop
      vertex 4 110.8 2.4
      vertex 31.4 146.2 2.4
      vertex 26.4 146.2 2.4
    endloop
  endfacet
  facet normal 0 0 1
    outer loop
      vertex 4 110.8 2.4
      vertex 26.4 146.2 2.4
      vertex 23.4 146.2 2.4
    endloop
  endfacet
  facet normal 0 0 1
    outer loop
      vertex 18.4 146.2 2.4
      vertex 23.4 146.2 2.4
      vertex 18.4 166.2 2.4
    endloop
  endfacet
  facet normal 0 0 1
    outer loop
      vertex 4 110.8 2.4
      vertex 23.4 146.2 2.4
      vertex 18.4 146.2 2.4
    endloop
  endfacet
  facet normal 0 0 1
    outer loop
      vertex 4 110.8 2.4
      vertex 18.4 146.2 2.4
      vertex 15.4 146.2 2.4
    endloop
  endfacet
  facet normal 0 0 1
    outer loop
      vertex 10.4 146.2 2.4
      vertex 15.4 146.2 2.4
      vertex 10.4 166.2 2.4
    endloop
  endfacet
  facet normal 0 0 1
    outer loop
      vertex 0 114.8 2.4
      vertex 15.4 146.2 2.4
      vertex 10.4 146.2 2.4
    endloop
  endfacet
  facet normal 0 0 1
    outer loop
      vertex 0 114.8 2.4
      vertex 10.4 146.2 2.4
      vertex 7.4 146.2 2.4
    endloop
  endfacet
  facet normal 0 0 1
    outer loop
      vertex 42.4 146.2 2.4
      vertex 4 110.8 2.4
      vertex 156.8 110.8 2.4
    endloop
  endfacet
  facet normal 0 0 1
    outer loop
      vertex 7.4 166.2 2.4
      vertex 0 197.6 2.4
      vertex 7.4 146.2 2.4
    endloop
  endfacet
  facet normal 0 0 1
    outer loop
      vertex 0 197.6 2.4
      vertex 4 201.6 2.4
      vertex 3.21964 201.523 2.4
    endloop
  endfacet
  facet normal 0 0 1
    outer loop
      vertex 0 114.8 2.4
      vertex 7.4 146.2 2.4
      vertex 0 197.6 2.4
    endloop
  endfacet
  facet normal 0 0 1
    outer loop
      vertex 0 197.6 2.4
      vertex 3.21964 201.523 2.4
      vertex 2.46927 201.296 2.4
    endloop
  endfacet
  facet normal 0 0 1
    outer loop
      vertex 15.4 146.2 2.4
      vertex 0 114.8 2.4
      vertex 4 110.8 2.4
    endloop
  endfacet
  facet normal 0 0 1
    outer loop
      vertex 0 197.6 2.4
      vertex 2.46927 201.296 2.4
      vertex 1.77772 200.926 2.4
    endloop
  endfacet
  facet normal 0 0 1
    outer loop
      vertex 4 110.8 2.4
      vertex 0 114.8 2.4
      vertex 3.21964 110.877 2.4
    endloop
  endfacet
  facet normal 0 0 1
    outer loop
      vertex 0 197.6 2.4
      vertex 1.77772 200.926 2.4
      vertex 1.17157 200.428 2.4
    endloop
  endfacet
  facet normal 0 0 1
    outer loop
      vertex 3.21964 110.877 2.4
      vertex 0 114.8 2.4
      vertex 2.46927 111.104 2.4
    endloop
  endfacet
  facet normal 0 0 1
    outer loop
      vertex 0 197.6 2.4
      vertex 1.17157 200.428 2.4
      vertex 0.674121 199.822 2.4
    endloop
  endfacet
  facet normal 0 0 1
    outer loop
      vertex 2.46927 111.104 2.4
      vertex 0 114.8 2.4
      vertex 1.77772 111.474 2.4
    endloop
  endfacet
  facet normal 0 0 1
    outer loop
      vertex 0 197.6 2.4
      vertex 0.674121 199.822 2.4
      vertex 0.304482 199.131 2.4
    endloop
  endfacet
  facet normal 0 0 1
    outer loop
      vertex 1.77772 111.474 2.4
      vertex 0 114.8 2.4
      vertex 1.17157 111.972 2.4
    endloop
  endfacet
  facet normal 0 0 1
    outer loop
      vertex 0 197.6 2.4
      vertex 0.304482 199.131 2.4
      vertex 0.0768585 198.38 2.4
    endloop
  endfacet
  facet normal 0 0 1
    outer loop
      vertex 1.17157 111.972 2.4
      vertex 0 114.8 2.4
      vertex 0.674121 112.578 2.4
    endloop
  endfacet
  facet normal 0 0 1
    outer loop
      vertex 0.674121 112.578 2.4
      vertex 0 114.8 2.4
      vertex 0.304482 113.269 2.4
    endloop
  endfacet
  facet normal 0 0 1
    outer loop
      vertex 0.304482 113.269 2.4
      vertex 0 114.8 2.4
      vertex 0.0768585 114.02 2.4
    endloop
  endfacet
  facet normal -0.773007 0.634397 0
    outer loop
      vertex 0.674121 199.822 0
      vertex 1.17157 200.428 2.4
      vertex 1.17157 200.428 0
    endloop
  endfacet
  facet normal -0.773007 0.634397 0
    outer loop
      vertex 1.17157 200.428 2.4
      vertex 0.674121 199.822 0
      vertex 0.674121 199.822 2.4
    endloop
  endfacet
  facet normal 1 -0 0
    outer loop
      vertex 160.8 114.8 2.4
      vertex 160.8 197.6 0
      vertex 160.8 197.6 2.4
    endloop
  endfacet
  facet normal 1 0 0
    outer loop
      vertex 160.8 197.6 0
      vertex 160.8 114.8 2.4
      vertex 160.8 114.8 0
    endloop
  endfacet
  facet normal 0 -1 0
    outer loop
      vertex 4 110.8 0
      vertex 156.8 110.8 2.4
      vertex 4 110.8 2.4
    endloop
  endfacet
  facet normal 0 -1 -0
    outer loop
      vertex 156.8 110.8 2.4
      vertex 4 110.8 0
      vertex 156.8 110.8 0
    endloop
  endfacet
  facet normal 0.634388 0.773015 -0
    outer loop
      vertex 159.628 200.428 0
      vertex 159.022 200.926 2.4
      vertex 159.628 200.428 2.4
    endloop
  endfacet
  facet normal 0.634388 0.773015 0
    outer loop
      vertex 159.022 200.926 2.4
      vertex 159.628 200.428 0
      vertex 159.022 200.926 0
    endloop
  endfacet
  facet normal -0.0980166 0.995185 0
    outer loop
      vertex 4 201.6 0
      vertex 3.21964 201.523 2.4
      vertex 4 201.6 2.4
    endloop
  endfacet
  facet normal -0.0980166 0.995185 0
    outer loop
      vertex 3.21964 201.523 2.4
      vertex 4 201.6 0
      vertex 3.21964 201.523 0
    endloop
  endfacet
  facet normal -0.995185 -0.0980162 0
    outer loop
      vertex 0.0768585 114.02 0
      vertex 0 114.8 2.4
      vertex 0 114.8 0
    endloop
  endfacet
  facet normal -0.995185 -0.0980162 0
    outer loop
      vertex 0 114.8 2.4
      vertex 0.0768585 114.02 0
      vertex 0.0768585 114.02 2.4
    endloop
  endfacet
  facet normal -0.956941 0.290281 0
    outer loop
      vertex 0.0768585 198.38 0
      vertex 0.304482 199.131 2.4
      vertex 0.304482 199.131 0
    endloop
  endfacet
  facet normal -0.956941 0.290281 0
    outer loop
      vertex 0.304482 199.131 2.4
      vertex 0.0768585 198.38 0
      vertex 0.0768585 198.38 2.4
    endloop
  endfacet
  facet normal -0.471401 0.881919 0
    outer loop
      vertex 2.46927 201.296 0
      vertex 1.77772 200.926 2.4
      vertex 2.46927 201.296 2.4
    endloop
  endfacet
  facet normal -0.471401 0.881919 0
    outer loop
      vertex 1.77772 200.926 2.4
      vertex 2.46927 201.296 0
      vertex 1.77772 200.926 0
    endloop
  endfacet
  facet normal 0.634388 -0.773015 0
    outer loop
      vertex 159.022 111.474 0
      vertex 159.628 111.972 2.4
      vertex 159.022 111.474 2.4
    endloop
  endfacet
  facet normal 0.634388 -0.773015 0
    outer loop
      vertex 159.628 111.972 2.4
      vertex 159.022 111.474 0
      vertex 159.628 111.972 0
    endloop
  endfacet
  facet normal 0.471396 -0.881922 0
    outer loop
      vertex 158.331 111.104 0
      vertex 159.022 111.474 2.4
      vertex 158.331 111.104 2.4
    endloop
  endfacet
  facet normal 0.471396 -0.881922 0
    outer loop
      vertex 159.022 111.474 2.4
      vertex 158.331 111.104 0
      vertex 159.022 111.474 0
    endloop
  endfacet
  facet normal 0.0980181 -0.995185 0
    outer loop
      vertex 156.8 110.8 0
      vertex 157.58 110.877 2.4
      vertex 156.8 110.8 2.4
    endloop
  endfacet
  facet normal 0.0980181 -0.995185 0
    outer loop
      vertex 157.58 110.877 2.4
      vertex 156.8 110.8 0
      vertex 157.58 110.877 0
    endloop
  endfacet
  facet normal 0.881926 0.471388 0
    outer loop
      vertex 160.496 199.131 2.4
      vertex 160.126 199.822 0
      vertex 160.126 199.822 2.4
    endloop
  endfacet
  facet normal 0.881926 0.471388 0
    outer loop
      vertex 160.126 199.822 0
      vertex 160.496 199.131 2.4
      vertex 160.496 199.131 0
    endloop
  endfacet
  facet normal 0.956939 0.29029 0
    outer loop
      vertex 160.723 198.38 2.4
      vertex 160.496 199.131 0
      vertex 160.496 199.131 2.4
    endloop
  endfacet
  facet normal 0.956939 0.29029 0
    outer loop
      vertex 160.496 199.131 0
      vertex 160.723 198.38 2.4
      vertex 160.723 198.38 0
    endloop
  endfacet
  facet normal 0.29029 0.956939 -0
    outer loop
      vertex 158.331 201.296 0
      vertex 157.58 201.523 2.4
      vertex 158.331 201.296 2.4
    endloop
  endfacet
  facet normal 0.29029 0.956939 0
    outer loop
      vertex 157.58 201.523 2.4
      vertex 158.331 201.296 0
      vertex 157.58 201.523 0
    endloop
  endfacet
  facet normal 0.471403 0.881918 -0
    outer loop
      vertex 159.022 200.926 0
      vertex 158.331 201.296 2.4
      vertex 159.022 200.926 2.4
    endloop
  endfacet
  facet normal 0.471403 0.881918 0
    outer loop
      vertex 158.331 201.296 2.4
      vertex 159.022 200.926 0
      vertex 158.331 201.296 0
    endloop
  endfacet
  facet normal -0.88192 0.471398 0
    outer loop
      vertex 0.304482 199.131 0
      vertex 0.674121 199.822 2.4
      vertex 0.674121 199.822 0
    endloop
  endfacet
  facet normal -0.88192 0.471398 0
    outer loop
      vertex 0.674121 199.822 2.4
      vertex 0.304482 199.131 0
      vertex 0.304482 199.131 2.4
    endloop
  endfacet
  facet normal 0.881926 -0.471388 0
    outer loop
      vertex 160.126 112.578 2.4
      vertex 160.496 113.269 0
      vertex 160.496 113.269 2.4
    endloop
  endfacet
  facet normal 0.881926 -0.471388 0
    outer loop
      vertex 160.496 113.269 0
      vertex 160.126 112.578 2.4
      vertex 160.126 112.578 0
    endloop
  endfacet
  facet normal 0.995185 -0.0980162 0
    outer loop
      vertex 160.723 114.02 2.4
      vertex 160.8 114.8 0
      vertex 160.8 114.8 2.4
    endloop
  endfacet
  facet normal 0.995185 -0.0980162 0
    outer loop
      vertex 160.8 114.8 0
      vertex 160.723 114.02 2.4
      vertex 160.723 114.02 0
    endloop
  endfacet
  facet normal 0.956938 -0.290293 0
    outer loop
      vertex 160.496 113.269 2.4
      vertex 160.723 114.02 0
      vertex 160.723 114.02 2.4
    endloop
  endfacet
  facet normal 0.956938 -0.290293 0
    outer loop
      vertex 160.723 114.02 0
      vertex 160.496 113.269 2.4
      vertex 160.496 113.269 0
    endloop
  endfacet
  facet normal -0.0980167 -0.995185 0
    outer loop
      vertex 3.21964 110.877 0
      vertex 4 110.8 2.4
      vertex 3.21964 110.877 2.4
    endloop
  endfacet
  facet normal -0.0980167 -0.995185 -0
    outer loop
      vertex 4 110.8 2.4
      vertex 3.21964 110.877 0
      vertex 4 110.8 0
    endloop
  endfacet
  facet normal -0.471394 -0.881923 0
    outer loop
      vertex 1.77772 111.474 0
      vertex 2.46927 111.104 2.4
      vertex 1.77772 111.474 2.4
    endloop
  endfacet
  facet normal -0.471394 -0.881923 -0
    outer loop
      vertex 2.46927 111.104 2.4
      vertex 1.77772 111.474 0
      vertex 2.46927 111.104 0
    endloop
  endfacet
  facet normal -0.290285 -0.95694 0
    outer loop
      vertex 2.46927 111.104 0
      vertex 3.21964 110.877 2.4
      vertex 2.46927 111.104 2.4
    endloop
  endfacet
  facet normal -0.290285 -0.95694 -0
    outer loop
      vertex 3.21964 110.877 2.4
      vertex 2.46927 111.104 0
      vertex 3.21964 110.877 0
    endloop
  endfacet
  facet normal -0.773011 -0.634393 0
    outer loop
      vertex 1.17157 111.972 0
      vertex 0.674121 112.578 2.4
      vertex 0.674121 112.578 0
    endloop
  endfacet
  facet normal -0.773011 -0.634393 0
    outer loop
      vertex 0.674121 112.578 2.4
      vertex 1.17157 111.972 0
      vertex 1.17157 111.972 2.4
    endloop
  endfacet
  facet normal -0.634394 -0.77301 0
    outer loop
      vertex 1.17157 111.972 0
      vertex 1.77772 111.474 2.4
      vertex 1.17157 111.972 2.4
    endloop
  endfacet
  facet normal -0.634394 -0.77301 -0
    outer loop
      vertex 1.77772 111.474 2.4
      vertex 1.17157 111.972 0
      vertex 1.77772 111.474 0
    endloop
  endfacet
  facet normal -0.95694 -0.290284 0
    outer loop
      vertex 0.304482 113.269 0
      vertex 0.0768585 114.02 2.4
      vertex 0.0768585 114.02 0
    endloop
  endfacet
  facet normal -0.95694 -0.290284 0
    outer loop
      vertex 0.0768585 114.02 2.4
      vertex 0.304482 113.269 0
      vertex 0.304482 113.269 2.4
    endloop
  endfacet
  facet normal 0.773007 0.634397 0
    outer loop
      vertex 160.126 199.822 2.4
      vertex 159.628 200.428 0
      vertex 159.628 200.428 2.4
    endloop
  endfacet
  facet normal 0.773007 0.634397 0
    outer loop
      vertex 159.628 200.428 0
      vertex 160.126 199.822 2.4
      vertex 160.126 199.822 0
    endloop
  endfacet
  facet normal -0.634394 0.77301 0
    outer loop
      vertex 1.77772 200.926 0
      vertex 1.17157 200.428 2.4
      vertex 1.77772 200.926 2.4
    endloop
  endfacet
  facet normal -0.634394 0.77301 0
    outer loop
      vertex 1.17157 200.428 2.4
      vertex 1.77772 200.926 0
      vertex 1.17157 200.428 0
    endloop
  endfacet
  facet normal 0.773011 -0.634393 0
    outer loop
      vertex 159.628 111.972 2.4
      vertex 160.126 112.578 0
      vertex 160.126 112.578 2.4
    endloop
  endfacet
  facet normal 0.773011 -0.634393 0
    outer loop
      vertex 160.126 112.578 0
      vertex 159.628 111.972 2.4
      vertex 159.628 111.972 0
    endloop
  endfacet
  facet normal -0.88192 -0.471398 0
    outer loop
      vertex 0.674121 112.578 0
      vertex 0.304482 113.269 2.4
      vertex 0.304482 113.269 0
    endloop
  endfacet
  facet normal -0.88192 -0.471398 0
    outer loop
      vertex 0.304482 113.269 2.4
      vertex 0.674121 112.578 0
      vertex 0.674121 112.578 2.4
    endloop
  endfacet
  facet normal 0.995184 0.0980239 0
    outer loop
      vertex 158.1 197.4 0
      vertex 158.071 197.693 -3
      vertex 158.071 197.693 0
    endloop
  endfacet
  facet normal 0.995184 0.0980239 0
    outer loop
      vertex 158.071 197.693 -3
      vertex 158.1 197.4 0
      vertex 158.1 197.4 -3
    endloop
  endfacet
  facet normal -0.290282 0.956941 0
    outer loop
      vertex 3.90736 198.871 -3
      vertex 3.62597 198.786 0
      vertex 3.90736 198.871 0
    endloop
  endfacet
  facet normal -0.290282 0.956941 0
    outer loop
      vertex 3.62597 198.786 0
      vertex 3.90736 198.871 -3
      vertex 3.62597 198.786 -3
    endloop
  endfacet
  facet normal 0.0980239 0.995184 -0
    outer loop
      vertex 156.893 198.871 -3
      vertex 156.6 198.9 0
      vertex 156.893 198.871 0
    endloop
  endfacet
  facet normal 0.0980239 0.995184 0
    outer loop
      vertex 156.6 198.9 0
      vertex 156.893 198.871 -3
      vertex 156.6 198.9 -3
    endloop
  endfacet
  facet normal 0 1 -0
    outer loop
      vertex 156.6 198.9 -3
      vertex 4.2 198.9 0
      vertex 156.6 198.9 0
    endloop
  endfacet
  facet normal 0 1 0
    outer loop
      vertex 4.2 198.9 0
      vertex 156.6 198.9 -3
      vertex 4.2 198.9 -3
    endloop
  endfacet
  facet normal -0.995185 0.0980175 0
    outer loop
      vertex 2.7 197.4 -3
      vertex 2.72882 197.693 0
      vertex 2.72882 197.693 -3
    endloop
  endfacet
  facet normal -0.995185 0.0980175 0
    outer loop
      vertex 2.72882 197.693 0
      vertex 2.7 197.4 -3
      vertex 2.7 197.4 0
    endloop
  endfacet
  facet normal 0 0 -1
    outer loop
      vertex 156.824 115.317 -3
      vertex 158.1 115 -3
      vertex 158.071 114.707 -3
    endloop
  endfacet
  facet normal 0 0 -1
    outer loop
      vertex 158.1 115 -3
      vertex 156.9 115.7 -3
      vertex 158.1 197.4 -3
    endloop
  endfacet
  facet normal 0 0 -1
    outer loop
      vertex 156.731 115.144 -3
      vertex 158.071 114.707 -3
      vertex 157.986 114.426 -3
    endloop
  endfacet
  facet normal 0 0 -1
    outer loop
      vertex 156.9 196.7 -3
      vertex 158.1 197.4 -3
      vertex 156.9 115.7 -3
    endloop
  endfacet
  facet normal 0 0 -1
    outer loop
      vertex 156.731 115.144 -3
      vertex 157.986 114.426 -3
      vertex 157.847 114.167 -3
    endloop
  endfacet
  facet normal 0 0 -1
    outer loop
      vertex 156.881 196.895 -3
      vertex 158.1 197.4 -3
      vertex 156.9 196.7 -3
    endloop
  endfacet
  facet normal 0 0 -1
    outer loop
      vertex 156.607 114.993 -3
      vertex 157.847 114.167 -3
      vertex 157.661 113.939 -3
    endloop
  endfacet
  facet normal 0 0 -1
    outer loop
      vertex 156.824 197.083 -3
      vertex 158.1 197.4 -3
      vertex 156.881 196.895 -3
    endloop
  endfacet
  facet normal 0 0 -1
    outer loop
      vertex 156.607 114.993 -3
      vertex 157.661 113.939 -3
      vertex 157.433 113.753 -3
    endloop
  endfacet
  facet normal -0 0 -1
    outer loop
      vertex 158.1 197.4 -3
      vertex 156.824 197.083 -3
      vertex 158.071 197.693 -3
    endloop
  endfacet
  facet normal 0 0 -1
    outer loop
      vertex 156.456 114.869 -3
      vertex 157.433 113.753 -3
      vertex 157.174 113.614 -3
    endloop
  endfacet
  facet normal 0 0 -1
    outer loop
      vertex 156.731 197.256 -3
      vertex 158.071 197.693 -3
      vertex 156.824 197.083 -3
    endloop
  endfacet
  facet normal -0 0 -1
    outer loop
      vertex 158.071 197.693 -3
      vertex 156.731 197.256 -3
      vertex 157.986 197.974 -3
    endloop
  endfacet
  facet normal 0 0 -1
    outer loop
      vertex 156.456 114.869 -3
      vertex 157.174 113.614 -3
      vertex 156.893 113.529 -3
    endloop
  endfacet
  facet normal 0 0 -1
    outer loop
      vertex 158.1 115 -3
      vertex 156.881 115.505 -3
      vertex 156.9 115.7 -3
    endloop
  endfacet
  facet normal 0 0 -1
    outer loop
      vertex 158.1 115 -3
      vertex 156.824 115.317 -3
      vertex 156.881 115.505 -3
    endloop
  endfacet
  facet normal 0 0 -1
    outer loop
      vertex 158.071 114.707 -3
      vertex 156.731 115.144 -3
      vertex 156.824 115.317 -3
    endloop
  endfacet
  facet normal 0 0 -1
    outer loop
      vertex 157.847 114.167 -3
      vertex 156.607 114.993 -3
      vertex 156.731 115.144 -3
    endloop
  endfacet
  facet normal 0 0 -1
    outer loop
      vertex 156.283 114.776 -3
      vertex 156.893 113.529 -3
      vertex 156.6 113.5 -3
    endloop
  endfacet
  facet normal 0 0 -1
    outer loop
      vertex 157.433 113.753 -3
      vertex 156.456 114.869 -3
      vertex 156.607 114.993 -3
    endloop
  endfacet
  facet normal 0 0 -1
    outer loop
      vertex 156.893 113.529 -3
      vertex 156.283 114.776 -3
      vertex 156.456 114.869 -3
    endloop
  endfacet
  facet normal 0 0 -1
    outer loop
      vertex 156.6 113.5 -3
      vertex 156.095 114.719 -3
      vertex 156.283 114.776 -3
    endloop
  endfacet
  facet normal 0 0 -1
    outer loop
      vertex 156.6 113.5 -3
      vertex 155.9 114.7 -3
      vertex 156.095 114.719 -3
    endloop
  endfacet
  facet normal 0 0 -1
    outer loop
      vertex 156.6 113.5 -3
      vertex 4.9 114.7 -3
      vertex 155.9 114.7 -3
    endloop
  endfacet
  facet normal 0 0 -1
    outer loop
      vertex 4.2 113.5 -3
      vertex 4.9 114.7 -3
      vertex 156.6 113.5 -3
    endloop
  endfacet
  facet normal 0 0 -1
    outer loop
      vertex 4.2 113.5 -3
      vertex 4.70491 114.719 -3
      vertex 4.9 114.7 -3
    endloop
  endfacet
  facet normal 0 0 -1
    outer loop
      vertex 4.2 113.5 -3
      vertex 4.51732 114.776 -3
      vertex 4.70491 114.719 -3
    endloop
  endfacet
  facet normal 0 0 -1
    outer loop
      vertex 3.90736 113.529 -3
      vertex 4.51732 114.776 -3
      vertex 4.2 113.5 -3
    endloop
  endfacet
  facet normal -0 0 -1
    outer loop
      vertex 4.51732 114.776 -3
      vertex 3.90736 113.529 -3
      vertex 4.34443 114.869 -3
    endloop
  endfacet
  facet normal 0 0 -1
    outer loop
      vertex 3.62597 113.614 -3
      vertex 4.34443 114.869 -3
      vertex 3.90736 113.529 -3
    endloop
  endfacet
  facet normal 0 0 -1
    outer loop
      vertex 3.36664 113.753 -3
      vertex 4.34443 114.869 -3
      vertex 3.62597 113.614 -3
    endloop
  endfacet
  facet normal -0 0 -1
    outer loop
      vertex 4.34443 114.869 -3
      vertex 3.36664 113.753 -3
      vertex 4.19289 114.993 -3
    endloop
  endfacet
  facet normal 0 0 -1
    outer loop
      vertex 3.13934 113.939 -3
      vertex 4.19289 114.993 -3
      vertex 3.36664 113.753 -3
    endloop
  endfacet
  facet normal 0 0 -1
    outer loop
      vertex 2.9528 114.167 -3
      vertex 4.19289 114.993 -3
      vertex 3.13934 113.939 -3
    endloop
  endfacet
  facet normal 0 0 -1
    outer loop
      vertex 2.81418 114.426 -3
      vertex 4.06853 115.144 -3
      vertex 2.9528 114.167 -3
    endloop
  endfacet
  facet normal -0 0 -1
    outer loop
      vertex 4.19289 114.993 -3
      vertex 2.9528 114.167 -3
      vertex 4.06853 115.144 -3
    endloop
  endfacet
  facet normal -0 0 -1
    outer loop
      vertex 157.986 197.974 -3
      vertex 156.731 197.256 -3
      vertex 157.847 198.233 -3
    endloop
  endfacet
  facet normal 0 0 -1
    outer loop
      vertex 156.607 197.407 -3
      vertex 157.847 198.233 -3
      vertex 156.731 197.256 -3
    endloop
  endfacet
  facet normal -0 0 -1
    outer loop
      vertex 157.847 198.233 -3
      vertex 156.607 197.407 -3
      vertex 157.661 198.461 -3
    endloop
  endfacet
  facet normal -0 0 -1
    outer loop
      vertex 157.661 198.461 -3
      vertex 156.607 197.407 -3
      vertex 157.433 198.647 -3
    endloop
  endfacet
  facet normal 0 0 -1
    outer loop
      vertex 156.456 197.531 -3
      vertex 157.433 198.647 -3
      vertex 156.607 197.407 -3
    endloop
  endfacet
  facet normal -0 0 -1
    outer loop
      vertex 157.433 198.647 -3
      vertex 156.456 197.531 -3
      vertex 157.174 198.786 -3
    endloop
  endfacet
  facet normal -0 0 -1
    outer loop
      vertex 157.174 198.786 -3
      vertex 156.456 197.531 -3
      vertex 156.893 198.871 -3
    endloop
  endfacet
  facet normal 0 0 -1
    outer loop
      vertex 156.283 197.624 -3
      vertex 156.893 198.871 -3
      vertex 156.456 197.531 -3
    endloop
  endfacet
  facet normal -0 0 -1
    outer loop
      vertex 156.893 198.871 -3
      vertex 156.283 197.624 -3
      vertex 156.6 198.9 -3
    endloop
  endfacet
  facet normal 0 0 -1
    outer loop
      vertex 156.095 197.681 -3
      vertex 156.6 198.9 -3
      vertex 156.283 197.624 -3
    endloop
  endfacet
  facet normal 0 0 -1
    outer loop
      vertex 155.9 197.7 -3
      vertex 156.6 198.9 -3
      vertex 156.095 197.681 -3
    endloop
  endfacet
  facet normal 0 0 -1
    outer loop
      vertex 4.9 197.7 -3
      vertex 156.6 198.9 -3
      vertex 155.9 197.7 -3
    endloop
  endfacet
  facet normal 0 0 -1
    outer loop
      vertex 4.9 197.7 -3
      vertex 4.2 198.9 -3
      vertex 156.6 198.9 -3
    endloop
  endfacet
  facet normal 0 0 -1
    outer loop
      vertex 4.70491 197.681 -3
      vertex 4.2 198.9 -3
      vertex 4.9 197.7 -3
    endloop
  endfacet
  facet normal 0 0 -1
    outer loop
      vertex 4.51732 197.624 -3
      vertex 4.2 198.9 -3
      vertex 4.70491 197.681 -3
    endloop
  endfacet
  facet normal 0 0 -1
    outer loop
      vertex 3.90736 198.871 -3
      vertex 4.51732 197.624 -3
      vertex 4.34443 197.531 -3
    endloop
  endfacet
  facet normal 0 0 -1
    outer loop
      vertex 3.36664 198.647 -3
      vertex 4.34443 197.531 -3
      vertex 4.19289 197.407 -3
    endloop
  endfacet
  facet normal 0 0 -1
    outer loop
      vertex 2.9528 198.233 -3
      vertex 4.19289 197.407 -3
      vertex 4.06853 197.256 -3
    endloop
  endfacet
  facet normal 0 0 -1
    outer loop
      vertex 2.72882 197.693 -3
      vertex 4.06853 197.256 -3
      vertex 3.97612 197.083 -3
    endloop
  endfacet
  facet normal 0 0 -1
    outer loop
      vertex 2.7 197.4 -3
      vertex 3.97612 197.083 -3
      vertex 3.91921 196.895 -3
    endloop
  endfacet
  facet normal 0 0 -1
    outer loop
      vertex 4.51732 197.624 -3
      vertex 3.90736 198.871 -3
      vertex 4.2 198.9 -3
    endloop
  endfacet
  facet normal 0 0 -1
    outer loop
      vertex 2.7 197.4 -3
      vertex 3.91921 196.895 -3
      vertex 3.9 196.7 -3
    endloop
  endfacet
  facet normal 0 0 -1
    outer loop
      vertex 4.34443 197.531 -3
      vertex 3.62597 198.786 -3
      vertex 3.90736 198.871 -3
    endloop
  endfacet
  facet normal -0 0 -1
    outer loop
      vertex 3.9 115.7 -3
      vertex 2.7 115 -3
      vertex 3.9 196.7 -3
    endloop
  endfacet
  facet normal 0 0 -1
    outer loop
      vertex 2.72882 114.707 -3
      vertex 4.06853 115.144 -3
      vertex 2.81418 114.426 -3
    endloop
  endfacet
  facet normal 0 0 -1
    outer loop
      vertex 2.7 197.4 -3
      vertex 3.9 196.7 -3
      vertex 2.7 115 -3
    endloop
  endfacet
  facet normal -0 0 -1
    outer loop
      vertex 4.06853 115.144 -3
      vertex 2.72882 114.707 -3
      vertex 3.97612 115.317 -3
    endloop
  endfacet
  facet normal 0 0 -1
    outer loop
      vertex 3.97612 197.083 -3
      vertex 2.7 197.4 -3
      vertex 2.72882 197.693 -3
    endloop
  endfacet
  facet normal 0 0 -1
    outer loop
      vertex 2.7 115 -3
      vertex 3.97612 115.317 -3
      vertex 2.72882 114.707 -3
    endloop
  endfacet
  facet normal 0 0 -1
    outer loop
      vertex 4.34443 197.531 -3
      vertex 3.36664 198.647 -3
      vertex 3.62597 198.786 -3
    endloop
  endfacet
  facet normal -0 0 -1
    outer loop
      vertex 3.97612 115.317 -3
      vertex 2.7 115 -3
      vertex 3.91921 115.505 -3
    endloop
  endfacet
  facet normal 0 0 -1
    outer loop
      vertex 4.19289 197.407 -3
      vertex 3.13934 198.461 -3
      vertex 3.36664 198.647 -3
    endloop
  endfacet
  facet normal -0 0 -1
    outer loop
      vertex 3.91921 115.505 -3
      vertex 2.7 115 -3
      vertex 3.9 115.7 -3
    endloop
  endfacet
  facet normal 0 0 -1
    outer loop
      vertex 4.19289 197.407 -3
      vertex 2.9528 198.233 -3
      vertex 3.13934 198.461 -3
    endloop
  endfacet
  facet normal 0 0 -1
    outer loop
      vertex 4.06853 197.256 -3
      vertex 2.81418 197.974 -3
      vertex 2.9528 198.233 -3
    endloop
  endfacet
  facet normal 0 0 -1
    outer loop
      vertex 4.06853 197.256 -3
      vertex 2.72882 197.693 -3
      vertex 2.81418 197.974 -3
    endloop
  endfacet
  facet normal -1 0 0
    outer loop
      vertex 2.7 115 -3
      vertex 2.7 197.4 0
      vertex 2.7 197.4 -3
    endloop
  endfacet
  facet normal -1 -0 0
    outer loop
      vertex 2.7 197.4 0
      vertex 2.7 115 -3
      vertex 2.7 115 0
    endloop
  endfacet
  facet normal -0.773018 0.634385 0
    outer loop
      vertex 2.9528 198.233 -3
      vertex 3.13934 198.461 0
      vertex 3.13934 198.461 -3
    endloop
  endfacet
  facet normal -0.773018 0.634385 0
    outer loop
      vertex 3.13934 198.461 0
      vertex 2.9528 198.233 -3
      vertex 2.9528 198.233 0
    endloop
  endfacet
  facet normal 0.995184 -0.0980239 0
    outer loop
      vertex 158.071 114.707 0
      vertex 158.1 115 -3
      vertex 158.1 115 0
    endloop
  endfacet
  facet normal 0.995184 -0.0980239 0
    outer loop
      vertex 158.1 115 -3
      vertex 158.071 114.707 0
      vertex 158.071 114.707 -3
    endloop
  endfacet
  facet normal 1 -0 0
    outer loop
      vertex 158.1 115 0
      vertex 158.1 197.4 -3
      vertex 158.1 197.4 0
    endloop
  endfacet
  facet normal 1 0 0
    outer loop
      vertex 158.1 197.4 -3
      vertex 158.1 115 0
      vertex 158.1 115 -3
    endloop
  endfacet
  facet normal 0 -1 0
    outer loop
      vertex 4.2 113.5 -3
      vertex 156.6 113.5 0
      vertex 4.2 113.5 0
    endloop
  endfacet
  facet normal 0 -1 -0
    outer loop
      vertex 156.6 113.5 0
      vertex 4.2 113.5 -3
      vertex 156.6 113.5 -3
    endloop
  endfacet
  facet normal 0.773027 0.634373 0
    outer loop
      vertex 157.847 198.233 0
      vertex 157.661 198.461 -3
      vertex 157.661 198.461 0
    endloop
  endfacet
  facet normal 0.773027 0.634373 0
    outer loop
      vertex 157.661 198.461 -3
      vertex 157.847 198.233 0
      vertex 157.847 198.233 -3
    endloop
  endfacet
  facet normal 0.956945 0.290269 0
    outer loop
      vertex 158.071 197.693 0
      vertex 157.986 197.974 -3
      vertex 157.986 197.974 0
    endloop
  endfacet
  facet normal 0.956945 0.290269 0
    outer loop
      vertex 157.986 197.974 -3
      vertex 158.071 197.693 0
      vertex 158.071 197.693 -3
    endloop
  endfacet
  facet normal -0.098023 0.995184 0
    outer loop
      vertex 4.2 198.9 -3
      vertex 3.90736 198.871 0
      vertex 4.2 198.9 0
    endloop
  endfacet
  facet normal -0.098023 0.995184 0
    outer loop
      vertex 3.90736 198.871 0
      vertex 4.2 198.9 -3
      vertex 3.90736 198.871 -3
    endloop
  endfacet
  facet normal -0.995185 -0.0980175 0
    outer loop
      vertex 2.72882 114.707 -3
      vertex 2.7 115 0
      vertex 2.7 115 -3
    endloop
  endfacet
  facet normal -0.995185 -0.0980175 0
    outer loop
      vertex 2.7 115 0
      vertex 2.72882 114.707 -3
      vertex 2.72882 114.707 0
    endloop
  endfacet
  facet normal -0.881916 0.471406 0
    outer loop
      vertex 2.81418 197.974 -3
      vertex 2.9528 198.233 0
      vertex 2.9528 198.233 -3
    endloop
  endfacet
  facet normal -0.881916 0.471406 0
    outer loop
      vertex 2.9528 198.233 0
      vertex 2.81418 197.974 -3
      vertex 2.81418 197.974 0
    endloop
  endfacet
  facet normal -0.471385 0.881927 0
    outer loop
      vertex 3.62597 198.786 -3
      vertex 3.36664 198.647 0
      vertex 3.62597 198.786 0
    endloop
  endfacet
  facet normal -0.471385 0.881927 0
    outer loop
      vertex 3.36664 198.647 0
      vertex 3.62597 198.786 -3
      vertex 3.36664 198.647 -3
    endloop
  endfacet
  facet normal 0.0980239 -0.995184 0
    outer loop
      vertex 156.6 113.5 -3
      vertex 156.893 113.529 0
      vertex 156.6 113.5 0
    endloop
  endfacet
  facet normal 0.0980239 -0.995184 0
    outer loop
      vertex 156.893 113.529 0
      vertex 156.6 113.5 -3
      vertex 156.893 113.529 -3
    endloop
  endfacet
  facet normal -0.634398 -0.773006 0
    outer loop
      vertex 3.13934 113.939 -3
      vertex 3.36664 113.753 0
      vertex 3.13934 113.939 0
    endloop
  endfacet
  facet normal -0.634398 -0.773006 -0
    outer loop
      vertex 3.36664 113.753 0
      vertex 3.13934 113.939 -3
      vertex 3.36664 113.753 -3
    endloop
  endfacet
  facet normal 0.8819 0.471436 0
    outer loop
      vertex 157.986 197.974 0
      vertex 157.847 198.233 -3
      vertex 157.847 198.233 0
    endloop
  endfacet
  facet normal 0.8819 0.471436 0
    outer loop
      vertex 157.847 198.233 -3
      vertex 157.986 197.974 0
      vertex 157.986 197.974 -3
    endloop
  endfacet
  facet normal 0.634373 0.773027 -0
    outer loop
      vertex 157.661 198.461 -3
      vertex 157.433 198.647 0
      vertex 157.661 198.461 0
    endloop
  endfacet
  facet normal 0.634373 0.773027 0
    outer loop
      vertex 157.433 198.647 0
      vertex 157.661 198.461 -3
      vertex 157.433 198.647 -3
    endloop
  endfacet
  facet normal 0.471396 0.881922 -0
    outer loop
      vertex 157.433 198.647 -3
      vertex 157.174 198.786 0
      vertex 157.433 198.647 0
    endloop
  endfacet
  facet normal 0.471396 0.881922 0
    outer loop
      vertex 157.174 198.786 0
      vertex 157.433 198.647 -3
      vertex 157.174 198.786 -3
    endloop
  endfacet
  facet normal -0.634383 0.773019 0
    outer loop
      vertex 3.36664 198.647 -3
      vertex 3.13934 198.461 0
      vertex 3.36664 198.647 0
    endloop
  endfacet
  facet normal -0.634383 0.773019 0
    outer loop
      vertex 3.13934 198.461 0
      vertex 3.36664 198.647 -3
      vertex 3.13934 198.461 -3
    endloop
  endfacet
  facet normal 0.773017 -0.634386 0
    outer loop
      vertex 157.661 113.939 0
      vertex 157.847 114.167 -3
      vertex 157.847 114.167 0
    endloop
  endfacet
  facet normal 0.773017 -0.634386 0
    outer loop
      vertex 157.847 114.167 -3
      vertex 157.661 113.939 0
      vertex 157.661 113.939 -3
    endloop
  endfacet
  facet normal 0.471396 -0.881922 0
    outer loop
      vertex 157.174 113.614 -3
      vertex 157.433 113.753 0
      vertex 157.174 113.614 0
    endloop
  endfacet
  facet normal 0.471396 -0.881922 0
    outer loop
      vertex 157.433 113.753 0
      vertex 157.174 113.614 -3
      vertex 157.433 113.753 -3
    endloop
  endfacet
  facet normal 0.634389 -0.773014 0
    outer loop
      vertex 157.433 113.753 -3
      vertex 157.661 113.939 0
      vertex 157.433 113.753 0
    endloop
  endfacet
  facet normal 0.634389 -0.773014 0
    outer loop
      vertex 157.661 113.939 0
      vertex 157.433 113.753 -3
      vertex 157.661 113.939 -3
    endloop
  endfacet
  facet normal 0.881906 -0.471426 0
    outer loop
      vertex 157.847 114.167 0
      vertex 157.986 114.426 -3
      vertex 157.986 114.426 0
    endloop
  endfacet
  facet normal 0.881906 -0.471426 0
    outer loop
      vertex 157.986 114.426 -3
      vertex 157.847 114.167 0
      vertex 157.847 114.167 -3
    endloop
  endfacet
  facet normal 0.290284 -0.956941 0
    outer loop
      vertex 156.893 113.529 -3
      vertex 157.174 113.614 0
      vertex 156.893 113.529 0
    endloop
  endfacet
  facet normal 0.290284 -0.956941 0
    outer loop
      vertex 157.174 113.614 0
      vertex 156.893 113.529 -3
      vertex 157.174 113.614 -3
    endloop
  endfacet
  facet normal -0.0980234 -0.995184 0
    outer loop
      vertex 3.90736 113.529 -3
      vertex 4.2 113.5 0
      vertex 3.90736 113.529 0
    endloop
  endfacet
  facet normal -0.0980234 -0.995184 -0
    outer loop
      vertex 4.2 113.5 0
      vertex 3.90736 113.529 -3
      vertex 4.2 113.5 -3
    endloop
  endfacet
  facet normal -0.471385 -0.881927 0
    outer loop
      vertex 3.36664 113.753 -3
      vertex 3.62597 113.614 0
      vertex 3.36664 113.753 0
    endloop
  endfacet
  facet normal -0.471385 -0.881927 -0
    outer loop
      vertex 3.62597 113.614 0
      vertex 3.36664 113.753 -3
      vertex 3.62597 113.614 -3
    endloop
  endfacet
  facet normal -0.290282 -0.956941 0
    outer loop
      vertex 3.62597 113.614 -3
      vertex 3.90736 113.529 0
      vertex 3.62597 113.614 0
    endloop
  endfacet
  facet normal -0.290282 -0.956941 -0
    outer loop
      vertex 3.90736 113.529 0
      vertex 3.62597 113.614 -3
      vertex 3.90736 113.529 -3
    endloop
  endfacet
  facet normal -0.956942 -0.29028 0
    outer loop
      vertex 2.81418 114.426 -3
      vertex 2.72882 114.707 0
      vertex 2.72882 114.707 -3
    endloop
  endfacet
  facet normal -0.956942 -0.29028 0
    outer loop
      vertex 2.72882 114.707 0
      vertex 2.81418 114.426 -3
      vertex 2.81418 114.426 0
    endloop
  endfacet
  facet normal -0.773007 -0.634397 0
    outer loop
      vertex 3.13934 113.939 -3
      vertex 2.9528 114.167 0
      vertex 2.9528 114.167 -3
    endloop
  endfacet
  facet normal -0.773007 -0.634397 0
    outer loop
      vertex 2.9528 114.167 0
      vertex 3.13934 113.939 -3
      vertex 3.13934 113.939 0
    endloop
  endfacet
  facet normal -0.881922 -0.471395 0
    outer loop
      vertex 2.9528 114.167 -3
      vertex 2.81418 114.426 0
      vertex 2.81418 114.426 -3
    endloop
  endfacet
  facet normal -0.881922 -0.471395 0
    outer loop
      vertex 2.81418 114.426 0
      vertex 2.9528 114.167 -3
      vertex 2.9528 114.167 0
    endloop
  endfacet
  facet normal 0.290284 0.956941 -0
    outer loop
      vertex 157.174 198.786 -3
      vertex 156.893 198.871 0
      vertex 157.174 198.786 0
    endloop
  endfacet
  facet normal 0.290284 0.956941 0
    outer loop
      vertex 156.893 198.871 0
      vertex 157.174 198.786 -3
      vertex 156.893 198.871 -3
    endloop
  endfacet
  facet normal -0.956944 0.290272 0
    outer loop
      vertex 2.72882 197.693 -3
      vertex 2.81418 197.974 0
      vertex 2.81418 197.974 -3
    endloop
  endfacet
  facet normal -0.956944 0.290272 0
    outer loop
      vertex 2.81418 197.974 0
      vertex 2.72882 197.693 -3
      vertex 2.72882 197.693 0
    endloop
  endfacet
  facet normal 0.956943 -0.290277 0
    outer loop
      vertex 157.986 114.426 0
      vertex 158.071 114.707 -3
      vertex 158.071 114.707 0
    endloop
  endfacet
  facet normal 0.956943 -0.290277 0
    outer loop
      vertex 158.071 114.707 -3
      vertex 157.986 114.426 0
      vertex 157.986 114.426 -3
    endloop
  endfacet
  facet normal -0.995187 -0.0979932 0
    outer loop
      vertex 156.9 196.7 -3
      vertex 156.881 196.895 0
      vertex 156.881 196.895 -3
    endloop
  endfacet
  facet normal -0.995187 -0.0979932 0
    outer loop
      vertex 156.881 196.895 0
      vertex 156.9 196.7 -3
      vertex 156.9 196.7 0
    endloop
  endfacet
  facet normal 0.29033 -0.956927 0
    outer loop
      vertex 4.51732 197.624 -3
      vertex 4.70491 197.681 0
      vertex 4.51732 197.624 0
    endloop
  endfacet
  facet normal 0.29033 -0.956927 0
    outer loop
      vertex 4.70491 197.681 0
      vertex 4.51732 197.624 -3
      vertex 4.70491 197.681 -3
    endloop
  endfacet
  facet normal -0.290296 0.956937 0
    outer loop
      vertex 156.283 114.776 -3
      vertex 156.095 114.719 0
      vertex 156.283 114.776 0
    endloop
  endfacet
  facet normal -0.290296 0.956937 0
    outer loop
      vertex 156.095 114.719 0
      vertex 156.283 114.776 -3
      vertex 156.095 114.719 -3
    endloop
  endfacet
  facet normal -0.0979932 -0.995187 0
    outer loop
      vertex 155.9 197.7 -3
      vertex 156.095 197.681 0
      vertex 155.9 197.7 0
    endloop
  endfacet
  facet normal -0.0979932 -0.995187 -0
    outer loop
      vertex 156.095 197.681 0
      vertex 155.9 197.7 -3
      vertex 156.095 197.681 -3
    endloop
  endfacet
  facet normal 0 -1 0
    outer loop
      vertex 4.9 197.7 -3
      vertex 155.9 197.7 0
      vertex 4.9 197.7 0
    endloop
  endfacet
  facet normal 0 -1 -0
    outer loop
      vertex 155.9 197.7 0
      vertex 4.9 197.7 -3
      vertex 155.9 197.7 -3
    endloop
  endfacet
  facet normal 0.995185 -0.0980124 0
    outer loop
      vertex 3.9 196.7 0
      vertex 3.91921 196.895 -3
      vertex 3.91921 196.895 0
    endloop
  endfacet
  facet normal 0.995185 -0.0980124 0
    outer loop
      vertex 3.91921 196.895 -3
      vertex 3.9 196.7 0
      vertex 3.9 196.7 -3
    endloop
  endfacet
  facet normal 1 -0 0
    outer loop
      vertex 3.9 115.7 0
      vertex 3.9 196.7 -3
      vertex 3.9 196.7 0
    endloop
  endfacet
  facet normal 1 0 0
    outer loop
      vertex 3.9 196.7 -3
      vertex 3.9 115.7 0
      vertex 3.9 115.7 -3
    endloop
  endfacet
  facet normal 0.773007 -0.634397 0
    outer loop
      vertex 4.06853 197.256 0
      vertex 4.19289 197.407 -3
      vertex 4.19289 197.407 0
    endloop
  endfacet
  facet normal 0.773007 -0.634397 0
    outer loop
      vertex 4.19289 197.407 -3
      vertex 4.06853 197.256 0
      vertex 4.06853 197.256 -3
    endloop
  endfacet
  facet normal -1 0 0
    outer loop
      vertex 156.9 115.7 -3
      vertex 156.9 196.7 0
      vertex 156.9 196.7 -3
    endloop
  endfacet
  facet normal -1 -0 0
    outer loop
      vertex 156.9 196.7 0
      vertex 156.9 115.7 -3
      vertex 156.9 115.7 0
    endloop
  endfacet
  facet normal 0 1 -0
    outer loop
      vertex 155.9 114.7 -3
      vertex 4.9 114.7 0
      vertex 155.9 114.7 0
    endloop
  endfacet
  facet normal 0 1 0
    outer loop
      vertex 4.9 114.7 0
      vertex 155.9 114.7 -3
      vertex 4.9 114.7 -3
    endloop
  endfacet
  facet normal -0.772978 -0.634432 0
    outer loop
      vertex 156.731 197.256 -3
      vertex 156.607 197.407 0
      vertex 156.607 197.407 -3
    endloop
  endfacet
  facet normal -0.772978 -0.634432 0
    outer loop
      vertex 156.607 197.407 0
      vertex 156.731 197.256 -3
      vertex 156.731 197.256 0
    endloop
  endfacet
  facet normal 0.097997 -0.995187 0
    outer loop
      vertex 4.70491 197.681 -3
      vertex 4.9 197.7 0
      vertex 4.70491 197.681 0
    endloop
  endfacet
  facet normal 0.097997 -0.995187 0
    outer loop
      vertex 4.9 197.7 0
      vertex 4.70491 197.681 -3
      vertex 4.9 197.7 -3
    endloop
  endfacet
  facet normal 0.995185 0.0980162 0
    outer loop
      vertex 3.91921 115.505 0
      vertex 3.9 115.7 -3
      vertex 3.9 115.7 0
    endloop
  endfacet
  facet normal 0.995185 0.0980162 0
    outer loop
      vertex 3.9 115.7 -3
      vertex 3.91921 115.505 0
      vertex 3.91921 115.505 -3
    endloop
  endfacet
  facet normal 0.95694 -0.290287 0
    outer loop
      vertex 3.91921 196.895 0
      vertex 3.97612 197.083 -3
      vertex 3.97612 197.083 0
    endloop
  endfacet
  facet normal 0.95694 -0.290287 0
    outer loop
      vertex 3.97612 197.083 -3
      vertex 3.91921 196.895 0
      vertex 3.91921 196.895 -3
    endloop
  endfacet
  facet normal 0.471386 -0.881927 0
    outer loop
      vertex 4.34443 197.531 -3
      vertex 4.51732 197.624 0
      vertex 4.34443 197.531 0
    endloop
  endfacet
  facet normal 0.471386 -0.881927 0
    outer loop
      vertex 4.51732 197.624 0
      vertex 4.34443 197.531 -3
      vertex 4.51732 197.624 -3
    endloop
  endfacet
  facet normal -0.634386 0.773017 0
    outer loop
      vertex 156.607 114.993 -3
      vertex 156.456 114.869 0
      vertex 156.607 114.993 0
    endloop
  endfacet
  facet normal -0.634386 0.773017 0
    outer loop
      vertex 156.456 114.869 0
      vertex 156.607 114.993 -3
      vertex 156.456 114.869 -3
    endloop
  endfacet
  facet normal -0.471396 0.881922 0
    outer loop
      vertex 156.456 114.869 -3
      vertex 156.283 114.776 0
      vertex 156.456 114.869 0
    endloop
  endfacet
  facet normal -0.471396 0.881922 0
    outer loop
      vertex 156.283 114.776 0
      vertex 156.456 114.869 -3
      vertex 156.283 114.776 -3
    endloop
  endfacet
  facet normal -0.0980317 0.995183 0
    outer loop
      vertex 156.095 114.719 -3
      vertex 155.9 114.7 0
      vertex 156.095 114.719 0
    endloop
  endfacet
  facet normal -0.0980317 0.995183 0
    outer loop
      vertex 155.9 114.7 0
      vertex 156.095 114.719 -3
      vertex 155.9 114.7 -3
    endloop
  endfacet
  facet normal 0.098036 0.995183 -0
    outer loop
      vertex 4.9 114.7 -3
      vertex 4.70491 114.719 0
      vertex 4.9 114.7 0
    endloop
  endfacet
  facet normal 0.098036 0.995183 0
    outer loop
      vertex 4.70491 114.719 0
      vertex 4.9 114.7 -3
      vertex 4.70491 114.719 -3
    endloop
  endfacet
  facet normal 0.95694 0.290287 0
    outer loop
      vertex 3.97612 115.317 0
      vertex 3.91921 115.505 -3
      vertex 3.91921 115.505 0
    endloop
  endfacet
  facet normal 0.95694 0.290287 0
    outer loop
      vertex 3.91921 115.505 -3
      vertex 3.97612 115.317 0
      vertex 3.97612 115.317 -3
    endloop
  endfacet
  facet normal -0.881922 -0.471396 0
    outer loop
      vertex 156.824 197.083 -3
      vertex 156.731 197.256 0
      vertex 156.731 197.256 -3
    endloop
  endfacet
  facet normal -0.881922 -0.471396 0
    outer loop
      vertex 156.731 197.256 0
      vertex 156.824 197.083 -3
      vertex 156.824 197.083 0
    endloop
  endfacet
  facet normal -0.956948 -0.29026 0
    outer loop
      vertex 156.881 196.895 -3
      vertex 156.824 197.083 0
      vertex 156.824 197.083 -3
    endloop
  endfacet
  facet normal -0.956948 -0.29026 0
    outer loop
      vertex 156.824 197.083 0
      vertex 156.881 196.895 -3
      vertex 156.881 196.895 0
    endloop
  endfacet
  facet normal -0.634386 -0.773017 0
    outer loop
      vertex 156.456 197.531 -3
      vertex 156.607 197.407 0
      vertex 156.456 197.531 0
    endloop
  endfacet
  facet normal -0.634386 -0.773017 -0
    outer loop
      vertex 156.607 197.407 0
      vertex 156.456 197.531 -3
      vertex 156.607 197.407 -3
    endloop
  endfacet
  facet normal -0.471396 -0.881922 0
    outer loop
      vertex 156.283 197.624 -3
      vertex 156.456 197.531 0
      vertex 156.283 197.624 0
    endloop
  endfacet
  facet normal -0.471396 -0.881922 -0
    outer loop
      vertex 156.456 197.531 0
      vertex 156.283 197.624 -3
      vertex 156.456 197.531 -3
    endloop
  endfacet
  facet normal 0.881918 -0.471403 0
    outer loop
      vertex 3.97612 197.083 0
      vertex 4.06853 197.256 -3
      vertex 4.06853 197.256 0
    endloop
  endfacet
  facet normal 0.881918 -0.471403 0
    outer loop
      vertex 4.06853 197.256 -3
      vertex 3.97612 197.083 0
      vertex 3.97612 197.083 -3
    endloop
  endfacet
  facet normal -0.881922 0.471396 0
    outer loop
      vertex 156.731 115.144 -3
      vertex 156.824 115.317 0
      vertex 156.824 115.317 -3
    endloop
  endfacet
  facet normal -0.881922 0.471396 0
    outer loop
      vertex 156.824 115.317 0
      vertex 156.731 115.144 -3
      vertex 156.731 115.144 0
    endloop
  endfacet
  facet normal -0.995187 0.097997 0
    outer loop
      vertex 156.881 115.505 -3
      vertex 156.9 115.7 0
      vertex 156.9 115.7 -3
    endloop
  endfacet
  facet normal -0.995187 0.097997 0
    outer loop
      vertex 156.9 115.7 0
      vertex 156.881 115.505 -3
      vertex 156.881 115.505 0
    endloop
  endfacet
  facet normal -0.956948 0.29026 0
    outer loop
      vertex 156.824 115.317 -3
      vertex 156.881 115.505 0
      vertex 156.881 115.505 -3
    endloop
  endfacet
  facet normal -0.956948 0.29026 0
    outer loop
      vertex 156.881 115.505 0
      vertex 156.824 115.317 -3
      vertex 156.824 115.317 0
    endloop
  endfacet
  facet normal 0.471386 0.881927 -0
    outer loop
      vertex 4.51732 114.776 -3
      vertex 4.34443 114.869 0
      vertex 4.51732 114.776 0
    endloop
  endfacet
  facet normal 0.471386 0.881927 0
    outer loop
      vertex 4.34443 114.869 0
      vertex 4.51732 114.776 -3
      vertex 4.34443 114.869 -3
    endloop
  endfacet
  facet normal 0.634381 0.773021 -0
    outer loop
      vertex 4.34443 114.869 -3
      vertex 4.19289 114.993 0
      vertex 4.34443 114.869 0
    endloop
  endfacet
  facet normal 0.634381 0.773021 0
    outer loop
      vertex 4.19289 114.993 0
      vertex 4.34443 114.869 -3
      vertex 4.19289 114.993 -3
    endloop
  endfacet
  facet normal 0.290294 0.956937 -0
    outer loop
      vertex 4.70491 114.719 -3
      vertex 4.51732 114.776 0
      vertex 4.70491 114.719 0
    endloop
  endfacet
  facet normal 0.290294 0.956937 0
    outer loop
      vertex 4.51732 114.776 0
      vertex 4.70491 114.719 -3
      vertex 4.51732 114.776 -3
    endloop
  endfacet
  facet normal 0.773023 0.634378 0
    outer loop
      vertex 4.19289 114.993 0
      vertex 4.06853 115.144 -3
      vertex 4.06853 115.144 0
    endloop
  endfacet
  facet normal 0.773023 0.634378 0
    outer loop
      vertex 4.06853 115.144 -3
      vertex 4.19289 114.993 0
      vertex 4.19289 114.993 -3
    endloop
  endfacet
  facet normal -0.290331 -0.956926 0
    outer loop
      vertex 156.095 197.681 -3
      vertex 156.283 197.624 0
      vertex 156.095 197.681 0
    endloop
  endfacet
  facet normal -0.290331 -0.956926 -0
    outer loop
      vertex 156.283 197.624 0
      vertex 156.095 197.681 -3
      vertex 156.283 197.624 -3
    endloop
  endfacet
  facet normal 0.634381 -0.773021 0
    outer loop
      vertex 4.19289 197.407 -3
      vertex 4.34443 197.531 0
      vertex 4.19289 197.407 0
    endloop
  endfacet
  facet normal 0.634381 -0.773021 0
    outer loop
      vertex 4.34443 197.531 0
      vertex 4.19289 197.407 -3
      vertex 4.34443 197.531 -3
    endloop
  endfacet
  facet normal -0.772994 0.634413 0
    outer loop
      vertex 156.607 114.993 -3
      vertex 156.731 115.144 0
      vertex 156.731 115.144 -3
    endloop
  endfacet
  facet normal -0.772994 0.634413 0
    outer loop
      vertex 156.731 115.144 0
      vertex 156.607 114.993 -3
      vertex 156.607 114.993 0
    endloop
  endfacet
  facet normal 0.881918 0.471403 0
    outer loop
      vertex 4.06853 115.144 0
      vertex 3.97612 115.317 -3
      vertex 3.97612 115.317 0
    endloop
  endfacet
  facet normal 0.881918 0.471403 0
    outer loop
      vertex 3.97612 115.317 -3
      vertex 4.06853 115.144 0
      vertex 4.06853 115.144 -3
    endloop
  endfacet
endsolid OpenSCAD_Model
